dataset,horizon,model,anomaly_type,injection_seed,forecast_mae,forecast_rmse,forecast_wape,average_precision,oracle_best_f1,fixed_f1,fixed_precision,fixed_recall,event_recall,mean_detection_delay
ETTh1,24,naive,spike,42,1.452306866645813,1.9645780531595525,18.456783294677734,1.0,0.9999999999995,0.6733668341708543,0.5075757575757576,1.0,1.0,0.0
ETTh1,24,naive,spike,2024,1.452306866645813,1.9645780531595525,18.456783294677734,1.0,0.9999999999995,0.6473429951690821,0.4785714285714286,1.0,1.0,0.0
ETTh1,24,naive,spike,3407,1.452306866645813,1.9645780531595525,18.456783294677734,1.0,0.9999999999995,0.6507177033492823,0.48226950354609927,1.0,1.0,0.0
ETTh1,24,naive,level_shift,42,1.452306866645813,1.9645780531595525,18.456783294677734,1.0,0.9999999999995,0.6754385964912281,0.5099337748344371,1.0,1.0,0.0
ETTh1,24,naive,level_shift,2024,1.452306866645813,1.9645780531595525,18.456783294677734,1.0000000000000002,0.9999999999995,0.6473429951690821,0.4785714285714286,1.0,1.0,0.0
ETTh1,24,naive,level_shift,3407,1.452306866645813,1.9645780531595525,18.456783294677734,1.0,0.9999999999995,0.6810344827586208,0.5163398692810458,1.0,1.0,0.0
ETTh1,24,naive,frozen,42,1.452306866645813,1.9645780531595525,18.456783294677734,0.04870945298286529,0.12525252525226255,0.05161290322580645,0.05128205128205128,0.05194805194805195,0.4,9.5
ETTh1,24,naive,frozen,2024,1.452306866645813,1.9645780531595525,18.456783294677734,0.06521135433684631,0.14334470989725817,0.09523809523809523,0.0875,0.1044776119402985,0.75,12.666666666666666
ETTh1,24,naive,frozen,3407,1.452306866645813,1.9645780531595525,18.456783294677734,0.03482642854160595,0.09505703422027705,0.012987012987012988,0.013333333333333334,0.012658227848101266,0.25,19.0
ETTh1,24,linear,spike,42,1.42744243144989,1.8933599567668216,18.140792846679688,1.0000000000000002,0.9999999999995,0.6473429951690821,0.4785714285714286,1.0,1.0,0.0
ETTh1,24,linear,spike,2024,1.42744243144989,1.8933599567668216,18.140792846679688,1.0000000000000002,0.9999999999995,0.6320754716981132,0.46206896551724136,1.0,1.0,0.0
ETTh1,24,linear,spike,3407,1.42744243144989,1.8933599567668216,18.140792846679688,0.9999999999999998,0.9999999999995,0.6355140186915887,0.4657534246575342,1.0,1.0,0.0
ETTh1,24,linear,level_shift,42,1.42744243144989,1.8933599567668216,18.140792846679688,1.0,0.9999999999995,0.6581196581196581,0.49044585987261147,1.0,1.0,0.0
ETTh1,24,linear,level_shift,2024,1.42744243144989,1.8933599567668216,18.140792846679688,1.0000000000000002,0.9999999999995,0.6261682242990654,0.4557823129251701,1.0,1.0,0.0
ETTh1,24,linear,level_shift,3407,1.42744243144989,1.8933599567668216,18.140792846679688,0.9999999999999999,0.9999999999995,0.6666666666666666,0.5,1.0,1.0,0.0
ETTh1,24,linear,frozen,42,1.42744243144989,1.8933599567668216,18.140792846679688,0.04943347816455518,0.12602739725994105,0.04968944099378882,0.047619047619047616,0.05194805194805195,0.4,9.5
ETTh1,24,linear,frozen,2024,1.42744243144989,1.8933599567668216,18.140792846679688,0.07806153189228429,0.16535433070827305,0.10322580645161292,0.09090909090909091,0.11940298507462686,0.5,9.0
ETTh1,24,linear,frozen,3407,1.42744243144989,1.8933599567668216,18.140792846679688,0.03791064662932286,0.08745247148263448,0.03726708074534161,0.036585365853658534,0.0379746835443038,0.25,3.0
ETTh1,24,nlinear,spike,42,1.4267959594726562,1.9139484605098216,18.13257598876953,1.0000000000000002,0.9999999999995,0.6536585365853659,0.4855072463768116,1.0,1.0,0.0
ETTh1,24,nlinear,spike,2024,1.4267959594726562,1.9139484605098216,18.13257598876953,1.0000000000000002,0.9999999999995,0.6291079812206573,0.4589041095890411,1.0,1.0,0.0
ETTh1,24,nlinear,spike,3407,1.4267959594726562,1.9139484605098216,18.13257598876953,0.9999999999999998,0.9999999999995,0.6296296296296297,0.4594594594594595,1.0,1.0,0.0
ETTh1,24,nlinear,level_shift,42,1.4267959594726562,1.9139484605098216,18.13257598876953,1.0,0.9999999999995,0.6581196581196581,0.49044585987261147,1.0,1.0,0.0
ETTh1,24,nlinear,level_shift,2024,1.4267959594726562,1.9139484605098216,18.13257598876953,1.0000000000000002,0.9999999999995,0.6261682242990654,0.4557823129251701,1.0,1.0,0.0
ETTh1,24,nlinear,level_shift,3407,1.4267959594726562,1.9139484605098216,18.13257598876953,0.9999999999999999,0.9999999999995,0.6666666666666666,0.5,1.0,1.0,0.0
ETTh1,24,nlinear,frozen,42,1.4267959594726562,1.9139484605098216,18.13257598876953,0.06995178375739827,0.19213973799082001,0.08536585365853659,0.08045977011494253,0.09090909090909091,0.6,7.333333333333333
ETTh1,24,nlinear,frozen,2024,1.4267959594726562,1.9139484605098216,18.13257598876953,0.07890512013964943,0.1603375527422105,0.09090909090909091,0.08045977011494253,0.1044776119402985,0.75,12.666666666666666
ETTh1,24,nlinear,frozen,3407,1.4267959594726562,1.9139484605098216,18.13257598876953,0.03886931039916908,0.09774436090183805,0.025,0.024691358024691357,0.02531645569620253,0.25,3.0
ETTh1,24,dlinear,spike,42,1.4418936967849731,1.9135986388863473,18.324447631835938,1.0000000000000002,0.9999999999995,0.6979166666666667,0.536,1.0,1.0,0.0
ETTh1,24,dlinear,spike,2024,1.4418936967849731,1.9135986388863473,18.324447631835938,1.0000000000000002,0.9999999999995,0.67,0.5037593984962406,1.0,1.0,0.0
ETTh1,24,dlinear,spike,3407,1.4418936967849731,1.9135986388863473,18.324447631835938,0.9999999999999998,0.9999999999995,0.6732673267326732,0.5074626865671642,1.0,1.0,0.0
ETTh1,24,dlinear,level_shift,42,1.4418936967849731,1.9135986388863473,18.324447631835938,1.0,0.9999999999995,0.6968325791855203,0.5347222222222222,1.0,1.0,0.0
ETTh1,24,dlinear,level_shift,2024,1.4418936967849731,1.9135986388863473,18.324447631835938,1.0000000000000002,0.9999999999995,0.6666666666666666,0.5,1.0,1.0,0.0
ETTh1,24,dlinear,level_shift,3407,1.4418936967849731,1.9135986388863473,18.324447631835938,0.9999999999999999,0.9999999999995,0.7022222222222222,0.541095890410959,1.0,1.0,0.0
ETTh1,24,dlinear,frozen,42,1.4418936967849731,1.9135986388863473,18.324447631835938,0.058722680983025716,0.14332247556965677,0.054054054054054064,0.056338028169014086,0.05194805194805195,0.6,11.333333333333334
ETTh1,24,dlinear,frozen,2024,1.4418936967849731,1.9135986388863473,18.324447631835938,0.06758191654169494,0.11874999999966891,0.11267605633802817,0.10666666666666667,0.11940298507462686,0.75,12.666666666666666
ETTh1,24,dlinear,frozen,3407,1.4418936967849731,1.9135986388863473,18.324447631835938,0.03292898519080648,0.07940446650106388,0.013605442176870748,0.014705882352941176,0.012658227848101266,0.25,4.0
ETTh1,24,lstm,spike,42,1.5865854024887085,2.1292737731072267,20.16327667236328,0.9989022569088992,0.9852941176465589,0.13888888888888887,1.0,0.07462686567164178,0.15625,0.4
ETTh1,24,lstm,spike,2024,1.5865854024887085,2.1292737731072267,20.16327667236328,0.9995577424554142,0.9925925925920926,0.13888888888888887,1.0,0.07462686567164178,0.09375,1.3333333333333333
ETTh1,24,lstm,spike,3407,1.5865854024887085,2.1292737731072267,20.16327667236328,0.9982838157052409,0.9784172661865504,0.028985507246376812,1.0,0.014705882352941176,0.030303030303030304,1.0
ETTh1,24,lstm,level_shift,42,1.5865854024887085,2.1292737731072267,20.16327667236328,0.9995025523547635,0.9871794871789873,0.025641025641025647,1.0,0.012987012987012988,0.2,17.0
ETTh1,24,lstm,level_shift,2024,1.5865854024887085,2.1292737731072267,20.16327667236328,0.9997805092186131,0.9925925925920926,0.0,0.0,0.0,0.0,
ETTh1,24,lstm,level_shift,3407,1.5865854024887085,2.1292737731072267,20.16327667236328,0.9993649354595782,0.9874999999995001,0.0,0.0,0.0,0.0,
ETTh1,24,lstm,frozen,42,1.5865854024887085,2.1292737731072267,20.16327667236328,0.03563705819404119,0.08963585434139837,0.0,0.0,0.0,0.0,
ETTh1,24,lstm,frozen,2024,1.5865854024887085,2.1292737731072267,20.16327667236328,0.022703725008951556,0.05185185185147871,0.0,0.0,0.0,0.0,
ETTh1,24,lstm,frozen,3407,1.5865854024887085,2.1292737731072267,20.16327667236328,0.02376375142143613,0.05295508274224488,0.0,0.0,0.0,0.0,
ETTh1,24,transformer,spike,42,1.4898529052734375,1.9346706281569288,18.933942794799805,0.999780509218613,0.9925925925920926,0.9305555555555556,0.8701298701298701,1.0,1.0,0.0
ETTh1,24,transformer,spike,2024,1.4898529052734375,1.9346706281569288,18.933942794799805,0.999780509218613,0.9925925925920926,0.9370629370629371,0.881578947368421,1.0,1.0,0.0
ETTh1,24,transformer,spike,3407,1.4898529052734375,1.9346706281569288,18.933942794799805,1.0,0.9999999999995,0.9379310344827586,0.8831168831168831,1.0,1.0,0.0
ETTh1,24,transformer,level_shift,42,1.4898529052734375,1.9346706281569288,18.933942794799805,1.0,0.9999999999995,0.9390243902439025,0.8850574712643678,1.0,1.0,0.0
ETTh1,24,transformer,level_shift,2024,1.4898529052734375,1.9346706281569288,18.933942794799805,1.0,0.9999999999995,0.9305555555555556,0.8701298701298701,1.0,1.0,0.0
ETTh1,24,transformer,level_shift,3407,1.4898529052734375,1.9346706281569288,18.933942794799805,0.9999999999999999,0.9999999999995,0.9404761904761905,0.8876404494382022,1.0,1.0,0.0
ETTh1,24,transformer,frozen,42,1.4898529052734375,1.9346706281569288,18.933942794799805,0.03612238142327223,0.09180327868814714,0.0,0.0,0.0,0.0,
ETTh1,24,transformer,frozen,2024,1.4898529052734375,1.9346706281569288,18.933942794799805,0.11043110245460123,0.26016260162552024,0.075,0.23076923076923078,0.04477611940298507,0.25,12.0
ETTh1,24,transformer,frozen,3407,1.4898529052734375,1.9346706281569288,18.933942794799805,0.025677912148206597,0.060975609755996245,0.0,0.0,0.0,0.0,
ETTh1,96,naive,spike,42,2.3309926986694336,3.061985361882757,29.489227294921875,1.0000000000000002,0.9999999999995,0.6536585365853659,0.4855072463768116,1.0,1.0,0.0
ETTh1,96,naive,spike,2024,2.3309926986694336,3.061985361882757,29.489227294921875,0.999780509218613,0.9925925925920926,0.6568627450980392,0.48905109489051096,1.0,1.0,0.0
ETTh1,96,naive,spike,3407,2.3309926986694336,3.061985361882757,29.489227294921875,1.0,0.9999999999995,0.6538461538461539,0.4857142857142857,1.0,1.0,0.0
ETTh1,96,naive,level_shift,42,2.3309926986694336,3.061985361882757,29.489227294921875,1.0,0.9999999999995,0.6844444444444445,0.5202702702702703,1.0,1.0,0.0
ETTh1,96,naive,level_shift,2024,2.3309926986694336,3.061985361882757,29.489227294921875,1.0000000000000002,0.9999999999995,0.6473429951690821,0.4785714285714286,1.0,1.0,0.0
ETTh1,96,naive,level_shift,3407,2.3309926986694336,3.061985361882757,29.489227294921875,0.9999999999999999,0.9999999999995,0.6839826839826839,0.5197368421052632,1.0,1.0,0.0
ETTh1,96,naive,frozen,42,2.3309926986694336,3.061985361882757,29.489227294921875,0.18539066575244617,0.3538461538456709,0.30857142857142855,0.2755102040816326,0.35064935064935066,0.6,3.0
ETTh1,96,naive,frozen,2024,2.3309926986694336,3.061985361882757,29.489227294921875,0.09168205836274929,0.22222222222172228,0.1935483870967742,0.17045454545454544,0.22388059701492538,0.75,5.666666666666667
ETTh1,96,naive,frozen,3407,2.3309926986694336,3.061985361882757,29.489227294921875,0.09265903669111819,0.1931034482753661,0.17964071856287428,0.17045454545454544,0.189873417721519,0.75,4.0
ETTh1,96,linear,spike,42,2.281933546066284,2.9637420175381317,28.86858367919922,0.9995577424554142,0.9925925925920926,0.6146788990825688,0.44370860927152317,1.0,1.0,0.0
ETTh1,96,linear,spike,2024,2.281933546066284,2.9637420175381317,28.86858367919922,0.994165535956581,0.9924812030070188,0.6118721461187214,0.4407894736842105,1.0,1.0,0.0
ETTh1,96,linear,spike,3407,2.281933546066284,2.9637420175381317,28.86858367919922,0.9999999999999998,0.9999999999995,0.6098654708520179,0.43870967741935485,1.0,1.0,0.0
ETTh1,96,linear,level_shift,42,2.281933546066284,2.9637420175381317,28.86858367919922,1.0,0.9999999999995,0.6390041493775933,0.4695121951219512,1.0,1.0,0.0
ETTh1,96,linear,level_shift,2024,2.281933546066284,2.9637420175381317,28.86858367919922,0.9995577424554142,0.9925925925920926,0.6118721461187214,0.4407894736842105,1.0,1.0,0.0
ETTh1,96,linear,level_shift,3407,2.281933546066284,2.9637420175381317,28.86858367919922,0.9999999999999998,0.9999999999995,0.6422764227642276,0.47305389221556887,1.0,1.0,0.0
ETTh1,96,linear,frozen,42,2.281933546066284,2.9637420175381317,28.86858367919922,0.09715460048315397,0.23121387283187597,0.21739130434782605,0.18691588785046728,0.2597402597402597,0.8,8.0
ETTh1,96,linear,frozen,2024,2.281933546066284,2.9637420175381317,28.86858367919922,0.03558547795532132,0.11042944785227655,0.08805031446540881,0.07608695652173914,0.1044776119402985,0.5,9.0
ETTh1,96,linear,frozen,3407,2.281933546066284,2.9637420175381317,28.86858367919922,0.04894676978031896,0.1311475409831159,0.12359550561797751,0.1111111111111111,0.13924050632911392,0.5,8.5
ETTh1,96,nlinear,spike,42,2.130739450454712,2.7830343630304144,26.95583724975586,1.0000000000000002,0.9999999999995,0.6261682242990654,0.4557823129251701,1.0,1.0,0.0
ETTh1,96,nlinear,spike,2024,2.130739450454712,2.7830343630304144,26.95583724975586,0.9997805092186131,0.9925925925920926,0.6291079812206573,0.4589041095890411,1.0,1.0,0.0
ETTh1,96,nlinear,spike,3407,2.130739450454712,2.7830343630304144,26.95583724975586,0.9999999999999998,0.9999999999995,0.6296296296296297,0.4594594594594595,1.0,1.0,0.0
ETTh1,96,nlinear,level_shift,42,2.130739450454712,2.7830343630304144,26.95583724975586,1.0,0.9999999999995,0.6637931034482758,0.4967741935483871,1.0,1.0,0.0
ETTh1,96,nlinear,level_shift,2024,2.130739450454712,2.7830343630304144,26.95583724975586,1.0000000000000002,0.9999999999995,0.6261682242990654,0.4557823129251701,1.0,1.0,0.0
ETTh1,96,nlinear,level_shift,3407,2.130739450454712,2.7830343630304144,26.95583724975586,0.9999999999999998,0.9999999999995,0.6638655462184874,0.4968553459119497,1.0,1.0,0.0
ETTh1,96,nlinear,frozen,42,2.130739450454712,2.7830343630304144,26.95583724975586,0.21422093012776341,0.3898305084741228,0.3333333333333333,0.28440366972477066,0.4025974025974026,1.0,5.8
ETTh1,96,nlinear,frozen,2024,2.130739450454712,2.7830343630304144,26.95583724975586,0.09956721168619313,0.213953488371664,0.18518518518518517,0.15789473684210525,0.22388059701492538,0.75,5.666666666666667
ETTh1,96,nlinear,frozen,3407,2.130739450454712,2.7830343630304144,26.95583724975586,0.09545707025950292,0.19209039547973175,0.18285714285714286,0.16666666666666666,0.20253164556962025,0.75,3.3333333333333335
ETTh1,96,dlinear,spike,42,2.1524813175201416,2.789131227816548,27.230892181396484,1.0000000000000002,0.9999999999995,0.6473429951690821,0.4785714285714286,1.0,1.0,0.0
ETTh1,96,dlinear,spike,2024,2.1524813175201416,2.789131227816548,27.230892181396484,0.999780509218613,0.9925925925920926,0.6536585365853659,0.4855072463768116,1.0,1.0,0.0
ETTh1,96,dlinear,spike,3407,2.1524813175201416,2.789131227816548,27.230892181396484,0.9999999999999998,0.9999999999995,0.6476190476190475,0.4788732394366197,1.0,1.0,0.0
ETTh1,96,dlinear,level_shift,42,2.1524813175201416,2.789131227816548,27.230892181396484,1.0,0.9999999999995,0.6814159292035399,0.5167785234899329,1.0,1.0,0.0
ETTh1,96,dlinear,level_shift,2024,2.1524813175201416,2.789131227816548,27.230892181396484,1.0000000000000002,0.9999999999995,0.6442307692307693,0.475177304964539,1.0,1.0,0.0
ETTh1,96,dlinear,level_shift,3407,2.1524813175201416,2.789131227816548,27.230892181396484,0.9999999999999998,0.9999999999995,0.6781115879828326,0.512987012987013,1.0,1.0,0.0
ETTh1,96,dlinear,frozen,42,2.1524813175201416,2.789131227816548,27.230892181396484,0.14047962863938468,0.3235294117642147,0.26744186046511625,0.24210526315789474,0.2987012987012987,0.6,4.333333333333333
ETTh1,96,dlinear,frozen,2024,2.1524813175201416,2.789131227816548,27.230892181396484,0.0657678298679357,0.17391304347776132,0.1568627450980392,0.13953488372093023,0.1791044776119403,0.75,5.666666666666667
ETTh1,96,dlinear,frozen,3407,2.1524813175201416,2.789131227816548,27.230892181396484,0.07595153688138506,0.15894039735049445,0.14457831325301207,0.13793103448275862,0.1518987341772152,0.75,3.6666666666666665
ETTh1,96,lstm,spike,42,2.8417317867279053,3.609843566337091,35.95055389404297,0.8300115107650464,0.7596899224801209,0.08571428571428572,1.0,0.04477611940298507,0.0625,1.0
ETTh1,96,lstm,spike,2024,2.8417317867279053,3.609843566337091,35.95055389404297,0.8383034421458843,0.7812499999995011,0.13888888888888887,1.0,0.07462686567164178,0.09375,1.0
ETTh1,96,lstm,spike,3407,2.8417317867279053,3.609843566337091,35.95055389404297,0.8907605915710125,0.8053691275162822,0.028985507246376812,1.0,0.014705882352941176,0.030303030303030304,1.0
ETTh1,96,lstm,level_shift,42,2.8417317867279053,3.609843566337091,35.95055389404297,0.9338051103836836,0.8633093525174914,0.14457831325301204,1.0,0.07792207792207792,0.6,5.333333333333333
ETTh1,96,lstm,level_shift,2024,2.8417317867279053,3.609843566337091,35.95055389404297,0.6844173773214028,0.6358381502885426,0.325,1.0,0.19402985074626866,0.25,2.0
ETTh1,96,lstm,level_shift,3407,2.8417317867279053,3.609843566337091,35.95055389404297,0.7115301874425803,0.712328767122791,0.04938271604938272,1.0,0.02531645569620253,0.25,2.0
ETTh1,96,lstm,frozen,42,2.8417317867279053,3.609843566337091,35.95055389404297,0.02801031541652759,0.08316831683142471,0.0,0.0,0.0,0.0,
ETTh1,96,lstm,frozen,2024,2.8417317867279053,3.609843566337091,35.95055389404297,0.03324417967231824,0.0705882352937838,0.0,0.0,0.0,0.0,
ETTh1,96,lstm,frozen,3407,2.8417317867279053,3.609843566337091,35.95055389404297,0.14402539469245906,0.24460431654627193,0.0,0.0,0.0,0.0,
ETTh1,96,transformer,spike,42,2.236910104751587,2.7873467475947273,28.29899787902832,1.0000000000000002,0.9999999999995,0.8833333333333333,1.0,0.7910447761194029,0.875,0.03571428571428571
ETTh1,96,transformer,spike,2024,2.236910104751587,2.7873467475947273,28.29899787902832,0.9997805092186131,0.9925925925920926,0.9365079365079364,1.0,0.8805970149253731,0.9375,0.13333333333333333
ETTh1,96,transformer,spike,3407,2.236910104751587,2.7873467475947273,28.29899787902832,0.9999999999999998,0.9999999999995,0.9291338582677166,1.0,0.8676470588235294,0.9696969696969697,0.03125
ETTh1,96,transformer,level_shift,42,2.236910104751587,2.7873467475947273,28.29899787902832,1.0,0.9999999999995,0.9305555555555556,1.0,0.8701298701298701,1.0,0.0
ETTh1,96,transformer,level_shift,2024,2.236910104751587,2.7873467475947273,28.29899787902832,0.9995673804888603,0.9924812030070188,0.7706422018348624,1.0,0.6268656716417911,1.0,1.25
ETTh1,96,transformer,level_shift,3407,2.236910104751587,2.7873467475947273,28.29899787902832,0.999681541419644,0.9937106918233993,0.855072463768116,1.0,0.7468354430379747,1.0,4.25
ETTh1,96,transformer,frozen,42,2.236910104751587,2.7873467475947273,28.29899787902832,0.09138595964709104,0.20740740740691732,0.0,0.0,0.0,0.0,
ETTh1,96,transformer,frozen,2024,2.236910104751587,2.7873467475947273,28.29899787902832,0.030043843531840697,0.07199999999976793,0.0,0.0,0.0,0.0,
ETTh1,96,transformer,frozen,3407,2.236910104751587,2.7873467475947273,28.29899787902832,0.09265135581390124,0.18079096045148318,0.0,0.0,0.0,0.0,
ETTh2,24,naive,spike,42,4.896778583526611,6.461150049405872,18.420595169067383,1.0,0.9999999999995,0.6871794871794872,0.5234375,1.0,1.0,0.0
ETTh2,24,naive,spike,2024,4.896778583526611,6.461150049405872,18.420595169067383,1.0,0.9999999999995,0.6836734693877551,0.5193798449612403,1.0,1.0,0.0
ETTh2,24,naive,spike,3407,4.896778583526611,6.461150049405872,18.420595169067383,0.9999999999999998,0.9999999999995,0.686868686868687,0.5230769230769231,1.0,1.0,0.0
ETTh2,24,naive,level_shift,42,4.896778583526611,6.461150049405872,18.420595169067383,1.0,0.9999999999995,0.7162790697674419,0.5579710144927537,1.0,1.0,0.0
ETTh2,24,naive,level_shift,2024,4.896778583526611,6.461150049405872,18.420595169067383,1.0000000000000002,0.9999999999995,0.6836734693877551,0.5193798449612403,1.0,1.0,0.0
ETTh2,24,naive,level_shift,3407,4.896778583526611,6.461150049405872,18.420595169067383,1.0,0.9999999999995,0.7281105990783411,0.572463768115942,1.0,1.0,0.0
ETTh2,24,naive,frozen,42,4.896778583526611,6.461150049405872,18.420595169067383,0.3646164867540648,0.4672897196257647,0.3272727272727272,0.3068181818181818,0.35064935064935066,0.8,8.5
ETTh2,24,naive,frozen,2024,4.896778583526611,6.461150049405872,18.420595169067383,0.1436709231224618,0.20512820512796287,0.14388489208633093,0.1388888888888889,0.14925373134328357,0.5,13.5
ETTh2,24,naive,frozen,3407,4.896778583526611,6.461150049405872,18.420595169067383,0.5840967200969093,0.6393442622946255,0.4918032786885245,0.4326923076923077,0.569620253164557,1.0,6.25
ETTh2,24,linear,spike,42,2.861802816390991,3.9692864243239936,10.765467643737791,1.0000000000000002,0.9999999999995,0.6836734693877551,0.5193798449612403,1.0,1.0,0.0
ETTh2,24,linear,spike,2024,2.861802816390991,3.9692864243239936,10.765467643737791,1.0000000000000002,0.9999999999995,0.67,0.5037593984962406,1.0,1.0,0.0
ETTh2,24,linear,spike,3407,2.861802816390991,3.9692864243239936,10.765467643737791,0.9999999999999998,0.9999999999995,0.6766169154228856,0.5112781954887218,1.0,1.0,0.0
ETTh2,24,linear,level_shift,42,2.861802816390991,3.9692864243239936,10.765467643737791,1.0,0.9999999999995,0.6968325791855203,0.5347222222222222,1.0,1.0,0.0
ETTh2,24,linear,level_shift,2024,2.861802816390991,3.9692864243239936,10.765467643737791,1.0000000000000002,0.9999999999995,0.6666666666666666,0.5,1.0,1.0,0.0
ETTh2,24,linear,level_shift,3407,2.861802816390991,3.9692864243239936,10.765467643737791,0.9999999999999998,0.9999999999995,0.7117117117117117,0.5524475524475524,1.0,1.0,0.0
ETTh2,24,linear,frozen,42,2.861802816390991,3.9692864243239936,10.765467643737791,0.4800665501347042,0.5263157894732458,0.4088397790055249,0.3557692307692308,0.4805194805194805,0.8,4.5
ETTh2,24,linear,frozen,2024,2.861802816390991,3.9692864243239936,10.765467643737791,0.252751967246738,0.3124999999995784,0.21333333333333335,0.1927710843373494,0.23880597014925373,0.5,11.0
ETTh2,24,linear,frozen,3407,2.861802816390991,3.9692864243239936,10.765467643737791,0.6969390952992017,0.6774193548382472,0.5628140703517589,0.4666666666666667,0.7088607594936709,1.0,3.75
ETTh2,24,nlinear,spike,42,2.9183664321899414,4.0371148082178,10.97824764251709,1.0000000000000002,0.9999999999995,0.6767676767676767,0.5114503816793893,1.0,1.0,0.0
ETTh2,24,nlinear,spike,2024,2.9183664321899414,4.0371148082178,10.97824764251709,1.0000000000000002,0.9999999999995,0.67,0.5037593984962406,1.0,1.0,0.0
ETTh2,24,nlinear,spike,3407,2.9183664321899414,4.0371148082178,10.97824764251709,0.9999999999999998,0.9999999999995,0.6732673267326732,0.5074626865671642,1.0,1.0,0.0
ETTh2,24,nlinear,level_shift,42,2.9183664321899414,4.0371148082178,10.97824764251709,1.0,0.9999999999995,0.7000000000000001,0.5384615384615384,1.0,1.0,0.0
ETTh2,24,nlinear,level_shift,2024,2.9183664321899414,4.0371148082178,10.97824764251709,1.0000000000000002,0.9999999999995,0.6666666666666666,0.5,1.0,1.0,0.0
ETTh2,24,nlinear,level_shift,3407,2.9183664321899414,4.0371148082178,10.97824764251709,0.9999999999999999,0.9999999999995,0.7085201793721974,0.5486111111111112,1.0,1.0,0.0
ETTh2,24,nlinear,frozen,42,2.9183664321899414,4.0371148082178,10.97824764251709,0.5160183321901853,0.564102564102114,0.42857142857142855,0.37142857142857144,0.5064935064935064,0.8,4.25
ETTh2,24,nlinear,frozen,2024,2.9183664321899414,4.0371148082178,10.97824764251709,0.2648431646876266,0.31914893616980333,0.2483660130718954,0.22093023255813954,0.2835820895522388,1.0,9.25
ETTh2,24,nlinear,frozen,3407,2.9183664321899414,4.0371148082178,10.97824764251709,0.6853374891026467,0.7175572519079181,0.5380710659898477,0.4491525423728814,0.6708860759493671,1.0,4.5
ETTh2,24,dlinear,spike,42,2.825991630554199,3.910385384262604,10.63075351715088,1.0,0.9999999999995,0.5903083700440529,0.41875,1.0,1.0,0.0
ETTh2,24,dlinear,spike,2024,2.825991630554199,3.910385384262604,10.63075351715088,1.0,0.9999999999995,0.5826086956521739,0.4110429447852761,1.0,1.0,0.0
ETTh2,24,dlinear,spike,3407,2.825991630554199,3.910385384262604,10.63075351715088,1.0,0.9999999999995,0.5938864628820961,0.422360248447205,1.0,1.0,0.0
ETTh2,24,dlinear,level_shift,42,2.825991630554199,3.910385384262604,10.63075351715088,1.0,0.9999999999995,0.6209677419354839,0.4502923976608187,1.0,1.0,0.0
ETTh2,24,dlinear,level_shift,2024,2.825991630554199,3.910385384262604,10.63075351715088,1.0,0.9999999999995,0.5800865800865801,0.40853658536585363,1.0,1.0,0.0
ETTh2,24,dlinear,level_shift,3407,2.825991630554199,3.910385384262604,10.63075351715088,0.9999999999999999,0.9999999999995,0.6245059288537549,0.4540229885057471,1.0,1.0,0.0
ETTh2,24,dlinear,frozen,42,2.825991630554199,3.910385384262604,10.63075351715088,0.5200136762767358,0.5666666666662067,0.38679245283018865,0.3037037037037037,0.5324675324675324,0.8,4.25
ETTh2,24,dlinear,frozen,2024,2.825991630554199,3.910385384262604,10.63075351715088,0.30214990556465043,0.34693877550977154,0.28272251308900526,0.21774193548387097,0.40298507462686567,1.0,7.5
ETTh2,24,dlinear,frozen,3407,2.825991630554199,3.910385384262604,10.63075351715088,0.7421382554815094,0.7272727272722468,0.5064377682403433,0.38311688311688313,0.7468354430379747,1.0,3.0
ETTh2,24,lstm,spike,42,3.5088582038879395,4.679678329433314,13.199545860290527,1.0000000000000002,0.9999999999995,1.0,1.0,1.0,1.0,0.0
ETTh2,24,lstm,spike,2024,3.5088582038879395,4.679678329433314,13.199545860290527,1.0000000000000002,0.9999999999995,1.0,1.0,1.0,1.0,0.0
ETTh2,24,lstm,spike,3407,3.5088582038879395,4.679678329433314,13.199545860290527,0.9999999999999998,0.9999999999995,1.0,1.0,1.0,1.0,0.0
ETTh2,24,lstm,level_shift,42,3.5088582038879395,4.679678329433314,13.199545860290527,1.0,0.9999999999995,1.0,1.0,1.0,1.0,0.0
ETTh2,24,lstm,level_shift,2024,3.5088582038879395,4.679678329433314,13.199545860290527,1.0000000000000002,0.9999999999995,1.0,1.0,1.0,1.0,0.0
ETTh2,24,lstm,level_shift,3407,3.5088582038879395,4.679678329433314,13.199545860290527,0.9999999999999999,0.9999999999995,1.0,1.0,1.0,1.0,0.0
ETTh2,24,lstm,frozen,42,3.5088582038879395,4.679678329433314,13.199545860290527,0.07881939231555574,0.19444444444394687,0.0,0.0,0.0,0.0,
ETTh2,24,lstm,frozen,2024,3.5088582038879395,4.679678329433314,13.199545860290527,0.03412215345469344,0.09649122806976043,0.0,0.0,0.0,0.0,
ETTh2,24,lstm,frozen,3407,3.5088582038879395,4.679678329433314,13.199545860290527,0.19753981608287344,0.2957746478868303,0.0,0.0,0.0,0.0,
ETTh2,24,transformer,spike,42,3.0405941009521484,4.133036097227007,11.438040733337402,1.0000000000000002,0.9999999999995,0.9781021897810218,0.9571428571428572,1.0,1.0,0.0
ETTh2,24,transformer,spike,2024,3.0405941009521484,4.133036097227007,11.438040733337402,1.0000000000000002,0.9999999999995,0.9852941176470589,0.9710144927536232,1.0,1.0,0.0
ETTh2,24,transformer,spike,3407,3.0405941009521484,4.133036097227007,11.438040733337402,0.9999999999999998,0.9999999999995,0.9784172661870503,0.9577464788732394,1.0,1.0,0.0
ETTh2,24,transformer,level_shift,42,3.0405941009521484,4.133036097227007,11.438040733337402,1.0,0.9999999999995,0.980891719745223,0.9625,1.0,1.0,0.0
ETTh2,24,transformer,level_shift,2024,3.0405941009521484,4.133036097227007,11.438040733337402,1.0000000000000002,0.9999999999995,0.9781021897810218,0.9571428571428572,1.0,1.0,0.0
ETTh2,24,transformer,level_shift,3407,3.0405941009521484,4.133036097227007,11.438040733337402,0.9999999999999998,0.9999999999995,0.9813664596273292,0.9634146341463414,1.0,1.0,0.0
ETTh2,24,transformer,frozen,42,3.0405941009521484,4.133036097227007,11.438040733337402,0.4600864876333079,0.5344827586202433,0.4615384615384615,0.8888888888888888,0.3116883116883117,0.8,9.0
ETTh2,24,transformer,frozen,2024,3.0405941009521484,4.133036097227007,11.438040733337402,0.3118355736449112,0.38938053097296865,0.20512820512820515,0.7272727272727273,0.11940298507462686,0.5,13.0
ETTh2,24,transformer,frozen,3407,3.0405941009521484,4.133036097227007,11.438040733337402,0.6740781355757468,0.6861313868608255,0.6333333333333334,0.926829268292683,0.4810126582278481,1.0,6.25
ETTh2,96,naive,spike,42,6.188783168792725,8.003506368884661,23.229164123535156,1.0000000000000002,0.9999999999995,0.6979166666666667,0.536,1.0,1.0,0.0
ETTh2,96,naive,spike,2024,6.188783168792725,8.003506368884661,23.229164123535156,1.0000000000000002,0.9999999999995,0.6871794871794872,0.5234375,1.0,1.0,0.0
ETTh2,96,naive,spike,3407,6.188783168792725,8.003506368884661,23.229164123535156,0.9999999999999999,0.9999999999995,0.6834170854271356,0.5190839694656488,1.0,1.0,0.0
ETTh2,96,naive,level_shift,42,6.188783168792725,8.003506368884661,23.229164123535156,1.0,0.9999999999995,0.7096774193548387,0.55,1.0,1.0,0.0
ETTh2,96,naive,level_shift,2024,6.188783168792725,8.003506368884661,23.229164123535156,1.0,0.9999999999995,0.6836734693877551,0.5193798449612403,1.0,1.0,0.0
ETTh2,96,naive,level_shift,3407,6.188783168792725,8.003506368884661,23.229164123535156,1.0,0.9999999999995,0.7181818181818183,0.5602836879432624,1.0,1.0,0.0
ETTh2,96,naive,frozen,42,6.188783168792725,8.003506368884661,23.229164123535156,0.31775520477710567,0.3762376237620138,0.25,0.24096385542168675,0.2597402597402597,0.6,8.666666666666666
ETTh2,96,naive,frozen,2024,6.188783168792725,8.003506368884661,23.229164123535156,0.4150996844601587,0.48936170212725005,0.33548387096774196,0.29545454545454547,0.3880597014925373,0.75,8.333333333333334
ETTh2,96,naive,frozen,3407,6.188783168792725,8.003506368884661,23.229164123535156,0.45233550346759005,0.5470085470081083,0.3885714285714286,0.3541666666666667,0.43037974683544306,0.75,4.333333333333333
ETTh2,96,linear,spike,42,4.745051860809326,6.146435655292296,17.810218811035156,1.0000000000000002,0.9999999999995,0.73224043715847,0.5775862068965517,1.0,1.0,0.0
ETTh2,96,linear,spike,2024,4.745051860809326,6.146435655292296,17.810218811035156,1.0000000000000002,0.9999999999995,0.7243243243243244,0.5677966101694916,1.0,1.0,0.0
ETTh2,96,linear,spike,3407,4.745051860809326,6.146435655292296,17.810218811035156,0.9999999999999998,0.9999999999995,0.7234042553191489,0.5666666666666667,1.0,1.0,0.0
ETTh2,96,linear,level_shift,42,4.745051860809326,6.146435655292296,17.810218811035156,1.0,0.9999999999995,0.751219512195122,0.6015625,1.0,1.0,0.0
ETTh2,96,linear,level_shift,2024,4.745051860809326,6.146435655292296,17.810218811035156,1.0000000000000002,0.9999999999995,0.7243243243243244,0.5677966101694916,1.0,1.0,0.0
ETTh2,96,linear,level_shift,3407,4.745051860809326,6.146435655292296,17.810218811035156,0.9999999999999998,0.9999999999995,0.7559808612440191,0.6076923076923076,1.0,1.0,0.0
ETTh2,96,linear,frozen,42,4.745051860809326,6.146435655292296,17.810218811035156,0.22669837167020035,0.28070175438552647,0.2702702702702703,0.28169014084507044,0.2597402597402597,0.8,7.75
ETTh2,96,linear,frozen,2024,4.745051860809326,6.146435655292296,17.810218811035156,0.24091238397432552,0.3225806451608875,0.2647058823529412,0.2608695652173913,0.26865671641791045,0.5,6.0
ETTh2,96,linear,frozen,3407,4.745051860809326,6.146435655292296,17.810218811035156,0.38447221253481795,0.4833333333328834,0.36477987421383645,0.3625,0.3670886075949367,0.75,6.666666666666667
ETTh2,96,nlinear,spike,42,4.578110694885254,5.974413995456904,17.183618545532227,1.0,0.9999999999995,0.6175115207373272,0.44666666666666666,1.0,1.0,0.0
ETTh2,96,nlinear,spike,2024,4.578110694885254,5.974413995456904,17.183618545532227,1.0,0.9999999999995,0.600896860986547,0.42948717948717946,1.0,1.0,0.0
ETTh2,96,nlinear,spike,3407,4.578110694885254,5.974413995456904,17.183618545532227,1.0,0.9999999999995,0.5991189427312776,0.4276729559748428,1.0,1.0,0.0
ETTh2,96,nlinear,level_shift,42,4.578110694885254,5.974413995456904,17.183618545532227,1.0,0.9999999999995,0.6363636363636364,0.4666666666666667,1.0,1.0,0.0
ETTh2,96,nlinear,level_shift,2024,4.578110694885254,5.974413995456904,17.183618545532227,1.0,0.9999999999995,0.600896860986547,0.42948717948717946,1.0,1.0,0.0
ETTh2,96,nlinear,level_shift,3407,4.578110694885254,5.974413995456904,17.183618545532227,0.9999999999999999,0.9999999999995,0.6396761133603238,0.47023809523809523,1.0,1.0,0.0
ETTh2,96,nlinear,frozen,42,4.578110694885254,5.974413995456904,17.183618545532227,0.5917431526271566,0.630872483220977,0.4722222222222222,0.3669064748201439,0.6623376623376623,1.0,3.2
ETTh2,96,nlinear,frozen,2024,4.578110694885254,5.974413995456904,17.183618545532227,0.5955796527717682,0.6101694915249329,0.4321608040201005,0.32575757575757575,0.6417910447761194,1.0,5.25
ETTh2,96,nlinear,frozen,3407,4.578110694885254,5.974413995456904,17.183618545532227,0.5543842080081173,0.5806451612898601,0.4225352112676056,0.3358208955223881,0.569620253164557,1.0,3.25
ETTh2,96,dlinear,spike,42,4.515722274780273,5.9252906953345965,16.949447631835938,1.0000000000000002,0.9999999999995,0.575107296137339,0.4036144578313253,1.0,1.0,0.0
ETTh2,96,dlinear,spike,2024,4.515722274780273,5.9252906953345965,16.949447631835938,1.0000000000000002,0.9999999999995,0.5654008438818565,0.3941176470588235,1.0,1.0,0.0
ETTh2,96,dlinear,spike,3407,4.515722274780273,5.9252906953345965,16.949447631835938,0.9999999999999998,0.9999999999995,0.5643153526970954,0.3930635838150289,1.0,1.0,0.0
ETTh2,96,dlinear,level_shift,42,4.515722274780273,5.9252906953345965,16.949447631835938,1.0,0.9999999999995,0.5968992248062015,0.425414364640884,1.0,1.0,0.0
ETTh2,96,dlinear,level_shift,2024,4.515722274780273,5.9252906953345965,16.949447631835938,1.0000000000000002,0.9999999999995,0.5630252100840336,0.391812865497076,1.0,1.0,0.0
ETTh2,96,dlinear,level_shift,3407,4.515722274780273,5.9252906953345965,16.949447631835938,0.9999999999999999,0.9999999999995,0.6007604562737643,0.42934782608695654,1.0,1.0,0.0
ETTh2,96,dlinear,frozen,42,4.515722274780273,5.9252906953345965,16.949447631835938,0.3695056867837851,0.3947368421047633,0.324074074074074,0.2517985611510791,0.45454545454545453,1.0,4.6
ETTh2,96,dlinear,frozen,2024,4.515722274780273,5.9252906953345965,16.949447631835938,0.42814512811705985,0.4736842105258312,0.3235294117647059,0.24087591240875914,0.4925373134328358,1.0,6.75
ETTh2,96,dlinear,frozen,3407,4.515722274780273,5.9252906953345965,16.949447631835938,0.44058897507261147,0.5132743362827651,0.31963470319634707,0.25,0.4430379746835443,0.75,4.0
ETTh2,96,lstm,spike,42,5.702912330627441,7.382304566687291,21.40548324584961,1.0000000000000002,0.9999999999995,1.0,1.0,1.0,1.0,0.0
ETTh2,96,lstm,spike,2024,5.702912330627441,7.382304566687291,21.40548324584961,1.0000000000000002,0.9999999999995,1.0,1.0,1.0,1.0,0.0
ETTh2,96,lstm,spike,3407,5.702912330627441,7.382304566687291,21.40548324584961,0.9999999999999998,0.9999999999995,1.0,1.0,1.0,1.0,0.0
ETTh2,96,lstm,level_shift,42,5.702912330627441,7.382304566687291,21.40548324584961,1.0,0.9999999999995,0.9868421052631579,1.0,0.974025974025974,1.0,0.0
ETTh2,96,lstm,level_shift,2024,5.702912330627441,7.382304566687291,21.40548324584961,1.0000000000000002,0.9999999999995,1.0,1.0,1.0,1.0,0.0
ETTh2,96,lstm,level_shift,3407,5.702912330627441,7.382304566687291,21.40548324584961,0.9999999999999998,0.9999999999995,1.0,1.0,1.0,1.0,0.0
ETTh2,96,lstm,frozen,42,5.702912330627441,7.382304566687291,21.40548324584961,0.02465613237492563,0.053000779423113986,0.0,0.0,0.0,0.0,
ETTh2,96,lstm,frozen,2024,5.702912330627441,7.382304566687291,21.40548324584961,0.018803168848911096,0.04219409282693604,0.0,0.0,0.0,0.0,
ETTh2,96,lstm,frozen,3407,5.702912330627441,7.382304566687291,21.40548324584961,0.033424323386266275,0.09420289855031602,0.0,0.0,0.0,0.0,
ETTh2,96,transformer,spike,42,4.869012355804443,6.177440750906238,18.27549743652344,1.0000000000000002,0.9999999999995,0.5955555555555555,0.4240506329113924,1.0,1.0,0.0
ETTh2,96,transformer,spike,2024,4.869012355804443,6.177440750906238,18.27549743652344,1.0000000000000002,0.9999999999995,0.5955555555555555,0.4240506329113924,1.0,1.0,0.0
ETTh2,96,transformer,spike,3407,4.869012355804443,6.177440750906238,18.27549743652344,0.9999999999999998,0.9999999999995,0.5938864628820961,0.422360248447205,1.0,1.0,0.0
ETTh2,96,transformer,level_shift,42,4.869012355804443,6.177440750906238,18.27549743652344,1.0,0.9999999999995,0.6311475409836066,0.46107784431137727,1.0,1.0,0.0
ETTh2,96,transformer,level_shift,2024,4.869012355804443,6.177440750906238,18.27549743652344,1.0000000000000002,0.9999999999995,0.5903083700440529,0.41875,1.0,1.0,0.0
ETTh2,96,transformer,level_shift,3407,4.869012355804443,6.177440750906238,18.27549743652344,0.9999999999999998,0.9999999999995,0.632,0.4619883040935672,1.0,1.0,0.0
ETTh2,96,transformer,frozen,42,4.869012355804443,6.177440750906238,18.27549743652344,0.17035509178425454,0.1874999999995007,0.17486338797814205,0.1509433962264151,0.2077922077922078,0.6,10.666666666666666
ETTh2,96,transformer,frozen,2024,4.869012355804443,6.177440750906238,18.27549743652344,0.2135522761572169,0.32335329341269314,0.2978723404255319,0.23140495867768596,0.417910447761194,0.75,6.0
ETTh2,96,transformer,frozen,3407,4.869012355804443,6.177440750906238,18.27549743652344,0.3981192502723297,0.4761904761901035,0.31527093596059114,0.25806451612903225,0.4050632911392405,0.75,5.666666666666667
