dataset,model,horizon,aggregation_method,anomaly_type,injection_seed,detector_type,pr_auc,roc_auc,best_f1,best_f1_threshold,f1_at_fpr_1pct,recall_at_fpr_1pct,f1_at_fpr_2pct,recall_at_fpr_2pct,f1_at_fpr_5pct,recall_at_fpr_5pct
ETTh1,nlinear,24,first,spike,42,residual,1.0000000000000002,1.0,0.9999999999995,6.7492036106205475,0.8072289156621691,1.0,0.6733668341704075,1.0,0.44966442952985275,1.0
ETTh1,nlinear,24,first,spike,42,flatness,0.013820635021609799,0.2940352797998489,0.039215686274471355,0.1607099734394867,0.0199999999995578,0.014925373134328358,0.015037593984462434,0.014925373134328358,0.008620689654761631,0.014925373134328358
ETTh1,nlinear,24,first,spike,42,hybrid_rankmax,0.6568627450980392,0.9946953622309791,0.7928994082835451,1.0,0.5652173913038482,0.582089552238806,0.6733668341704075,1.0,0.44966442952985275,1.0
ETTh1,nlinear,24,first,spike,2024,residual,1.0000000000000002,1.0,0.9999999999995,8.260781260620547,0.8072289156621691,1.0,0.6733668341704075,1.0,0.44966442952985275,1.0
ETTh1,nlinear,24,first,spike,2024,flatness,0.013421341021656987,0.2942908977392516,0.039532794249736054,0.218772850674145,0.0,0.0,0.0,0.0,0.008620689654761631,0.014925373134328358
ETTh1,nlinear,24,first,spike,2024,hybrid_rankmax,0.6320754716981132,0.9940891179145196,0.7745664739879646,1.0,0.7058823529406841,0.8059701492537313,0.6733668341704075,1.0,0.44966442952985275,1.0
ETTh1,nlinear,24,first,spike,3407,residual,0.9999999999999998,1.0,0.9999999999995,8.479899360620546,0.8095238095233276,1.0,0.6766169154224378,1.0,0.4533333333329827,1.0
ETTh1,nlinear,24,first,spike,3407,flatness,0.014446528282946566,0.30907100560054224,0.04003532528697872,0.20025737700683544,0.0,0.0,0.014925373133828471,0.014705882352941176,0.00858369098671112,0.014705882352941176
ETTh1,nlinear,24,first,spike,3407,hybrid_rankmax,0.6666666666666666,0.9948453608247423,0.79999999999952,1.0,0.6754966887412266,0.75,0.6766169154224378,1.0,0.4533333333329827,1.0
ETTh1,nlinear,24,first,level_shift,42,residual,1.0,1.0,0.9999999999995,8.670477760620546,0.8279569892468266,1.0,0.7031963470315076,1.0,0.48427672955938134,1.0
ETTh1,nlinear,24,first,level_shift,42,flatness,0.013086169672787484,0.17512329567665536,0.04506877377812392,0.1868817302699576,0.0,0.0,0.0,0.0,0.00826446280948347,0.012987012987012988
ETTh1,nlinear,24,first,level_shift,42,hybrid_rankmax,0.6637931034482759,0.9940711462450593,0.7979274611394168,1.0,0.7613636363631442,0.8701298701298701,0.7031963470315076,1.0,0.48427672955938134,1.0
ETTh1,nlinear,24,first,level_shift,2024,residual,1.0000000000000002,1.0,0.9999999999995,8.736937660620548,0.8072289156621691,1.0,0.6733668341704075,1.0,0.44966442952985275,1.0
ETTh1,nlinear,24,first,level_shift,2024,flatness,0.01228603790139617,0.2237810643659544,0.03916983338201363,0.16722421952315056,0.0,0.0,0.0,0.0,0.0,0.0
ETTh1,nlinear,24,first,level_shift,2024,hybrid_rankmax,0.6320754716981132,0.9940891179145196,0.7745664739879646,1.0,0.7547169811315878,0.8955223880597015,0.6733668341704075,1.0,0.44966442952985275,1.0
ETTh1,nlinear,24,first,level_shift,3407,residual,0.9999999999999999,1.0,0.9999999999995,8.043287260620549,0.8315789473679353,1.0,0.7085201793717398,1.0,0.4906832298132943,1.0
ETTh1,nlinear,24,first,level_shift,3407,flatness,0.019759138462223578,0.34923923550003283,0.06060606060589901,2.1340631830654675,0.0,0.0,0.0,0.0,0.0,0.0
ETTh1,nlinear,24,first,level_shift,3407,hybrid_rankmax,0.6694915254237288,0.9940675387891694,0.8020304568523114,1.0,0.7386363636358688,0.8227848101265823,0.7085201793717398,1.0,0.4906832298132943,1.0
ETTh1,nlinear,24,first,frozen,42,residual,0.06995178375739827,0.6967459418052304,0.19213973799082001,1.5059629999999995,0.03603603603561107,0.025974025974025976,0.06802721088385487,0.06493506493506493,0.17424242424201108,0.2987012987012987
ETTh1,nlinear,24,first,frozen,42,flatness,0.22425663048886507,0.7486860965121835,0.4489795918362358,7.353887132356208,0.40875912408709897,0.36363636363636365,0.40449438202198096,0.4675324675324675,0.2846975088963993,0.5194805194805194
ETTh1,nlinear,24,first,frozen,42,hybrid_rankmax,0.15974225454601548,0.7712583858828919,0.31999999999957374,0.9858199753390875,0.25599999999952694,0.2077922077922078,0.2249999999995007,0.23376623376623376,0.2968197879854696,0.5454545454545454
ETTh1,nlinear,24,first,frozen,2024,residual,0.07890512013964943,0.7060122244189782,0.1603375527422105,1.4338083,0.09615384615338776,0.07462686567164178,0.1007194244599323,0.1044776119402985,0.15199999999960767,0.2835820895522388
ETTh1,nlinear,24,first,frozen,2024,flatness,0.20958050565986003,0.813597969533961,0.40650406504015446,10.278684345163915,0.40322580645111616,0.373134328358209,0.3703703703698853,0.44776119402985076,0.2366412213736651,0.4626865671641791
ETTh1,nlinear,24,first,frozen,2024,hybrid_rankmax,0.15688219572227027,0.7792705161672691,0.2978723404250332,0.9981504315659679,0.27826086956473106,0.23880597014925373,0.2745098039210763,0.31343283582089554,0.2631578947364652,0.5223880597014925
ETTh1,nlinear,24,first,frozen,3407,residual,0.03886931039916908,0.608330477177065,0.09774436090183805,1.3700561000000002,0.03539823008807487,0.02531645569620253,0.027397260273475978,0.02531645569620253,0.08661417322791788,0.13924050632911392
ETTh1,nlinear,24,first,frozen,3407,flatness,0.27681324037178107,0.799582551901815,0.4666666666661681,7.359022673168681,0.4475524475519531,0.4050632911392405,0.39999999999950747,0.45569620253164556,0.2642857142853092,0.46835443037974683
ETTh1,nlinear,24,first,frozen,3407,hybrid_rankmax,0.23069736021921824,0.8512244245647411,0.40522875816943515,1.0,0.34328358208906823,0.2911392405063291,0.3728813559317091,0.4177215189873418,0.2826855123670887,0.5063291139240507
ETTh1,nlinear,24,mean,spike,42,residual,0.9862888526854233,0.9997162563296664,0.9503546099285781,7.850602520753857,0.8070175438591677,1.0,0.6764705882348464,1.0,0.4539473684207016,1.0
ETTh1,nlinear,24,mean,spike,42,flatness,0.013634785346059093,0.2891828182294395,0.04080408040800025,0.23328367117304533,0.0,0.0,0.0,0.0,0.0,0.0
ETTh1,nlinear,24,mean,spike,42,hybrid_rankmax,0.45394736842105265,0.9874999999999999,0.624434389139842,1.0,0.5734265734260741,0.5942028985507246,0.629441624365027,0.8985507246376812,0.4539473684207016,1.0
ETTh1,nlinear,24,mean,spike,2024,residual,0.978260494648378,0.9995154531168151,0.9343065693425657,8.159364608253856,0.8070175438591677,1.0,0.6764705882348464,1.0,0.4539473684207016,1.0
ETTh1,nlinear,24,mean,spike,2024,flatness,0.013695191947442757,0.3011829928409289,0.04026845637579946,0.20532067168944682,0.0,0.0,0.0,0.0,0.008474576270772659,0.014492753623188406
ETTh1,nlinear,24,mean,spike,2024,hybrid_rankmax,0.45394736842105265,0.9875,0.624434389139842,1.0,0.3679999999995054,0.3333333333333333,0.4659090909086142,0.5942028985507246,0.4539473684207016,1.0
ETTh1,nlinear,24,mean,spike,3407,residual,0.9782268390396629,0.9995748977097614,0.9496402877692844,7.646853941587191,0.8047337278101699,1.0,0.6732673267322266,1.0,0.4503311258274656,1.0
ETTh1,nlinear,24,mean,spike,3407,flatness,0.014458195254922937,0.29206520006376535,0.03951191167921752,0.1770872861376344,0.019607843136810462,0.014705882352941176,0.014814814814314844,0.014705882352941176,0.008510638297461078,0.014705882352941176
ETTh1,nlinear,24,mean,spike,3407,hybrid_rankmax,0.4892086330935252,0.9893104486600421,0.6570048309174331,1.0,0.33057851239620195,0.29411764705882354,0.6256410256405714,0.8970588235294118,0.4503311258274656,1.0
ETTh1,nlinear,24,mean,level_shift,42,residual,0.987976122676544,0.9997333584290107,0.9620253164551964,7.323807872420524,0.8235294117642213,1.0,0.699999999999545,1.0,0.48275862068928893,1.0
ETTh1,nlinear,24,mean,level_shift,42,flatness,0.012147529000007788,0.11390692640692641,0.04462474645026063,0.17855407975722998,0.0,0.0,0.0,0.0,0.0,0.0
ETTh1,nlinear,24,mean,level_shift,42,hybrid_rankmax,0.48125,0.987469806763285,0.6497890295354263,1.0,0.2945736434103715,0.24675324675324675,0.5980392156858045,0.7922077922077922,0.48275862068928893,1.0
ETTh1,nlinear,24,mean,level_shift,2024,residual,0.9999999999999998,1.0,0.9999999999995,9.235958295753857,0.8490566037730962,1.0,0.7346938775505556,1.0,0.523255813953102,1.0
ETTh1,nlinear,24,mean,level_shift,2024,flatness,0.017013135925222623,0.2282880334107979,0.05191808479948793,0.16847076317214718,0.016260162601233395,0.011111111111111112,0.025477707005880156,0.022222222222222223,0.02334630350149041,0.03333333333333333
ETTh1,nlinear,24,mean,level_shift,2024,hybrid_rankmax,0.5202312138728323,0.9874204304334647,0.6844106463873825,1.0,0.45569620253115534,0.4,0.6808510638293146,0.8888888888888888,0.523255813953102,1.0
ETTh1,nlinear,24,mean,level_shift,3407,residual,0.9982400749966952,0.9999579333817737,0.9813664596268293,8.55634440408719,0.8272251308895673,1.0,0.7053571428566862,1.0,0.489164086686937,1.0
ETTh1,nlinear,24,mean,level_shift,3407,flatness,0.014884650761330689,0.2587938353283108,0.04585026117232896,0.1968479391759858,0.0,0.0,0.0,0.0,0.0,0.0
ETTh1,nlinear,24,mean,level_shift,3407,hybrid_rankmax,0.4876543209876543,0.9874622356495468,0.6556016597505966,1.0,0.48648648648598874,0.45569620253164556,0.6818181818177214,0.9493670886075949,0.489164086686937,1.0
ETTh1,nlinear,24,mean,frozen,42,residual,0.029655390625806806,0.5437252964426877,0.08368200836776407,3.119643833333331,0.0,0.0,0.02758620689605365,0.025974025974025976,0.07936507936465498,0.12987012987012986
ETTh1,nlinear,24,mean,frozen,42,flatness,0.19774231116830676,0.7876180281071585,0.39130434782559365,8.363546373037318,0.3703703703698803,0.3246753246753247,0.3563218390799664,0.4025974025974026,0.2589928057549951,0.4675324675324675
ETTh1,nlinear,24,mean,frozen,42,hybrid_rankmax,0.10617922649700856,0.7649476127736997,0.24799999999957376,0.98419452887538,0.13559322033852964,0.1038961038961039,0.18987341772101932,0.19480519480519481,0.22710622710582212,0.4025974025974026
ETTh1,nlinear,24,mean,frozen,2024,residual,0.01881272256234024,0.354134249435856,0.05181655747463515,0.06305000833333452,0.0,0.0,0.0,0.0,0.0,0.0
ETTh1,nlinear,24,mean,frozen,2024,flatness,0.25574176334293863,0.8191034320164359,0.4363636363631405,7.455903646809111,0.40522875816945025,0.34444444444444444,0.37696335078484194,0.4,0.27796610169449126,0.45555555555555555
ETTh1,nlinear,24,mean,frozen,2024,hybrid_rankmax,0.12675855188325585,0.7001650331750362,0.28846153846104755,1.0,0.12307692307649704,0.08888888888888889,0.14371257484980243,0.13333333333333333,0.2482758620685374,0.4
ETTh1,nlinear,24,mean,frozen,3407,residual,0.03062332622669711,0.5364029217178476,0.08182912154014083,1.8420177041666665,0.0,0.0,0.0,0.0,0.03225806451569487,0.05063291139240506
ETTh1,nlinear,24,mean,frozen,3407,flatness,0.3112809273234804,0.8717656506940993,0.5199999999995014,7.956221482898891,0.5165562913902294,0.4936708860759494,0.4408602150532748,0.5189873417721519,0.2877192982452133,0.5189873417721519
ETTh1,nlinear,24,mean,frozen,3407,hybrid_rankmax,0.15974411985760517,0.8492236796818233,0.3147208121822607,1.0,0.11764705882308314,0.08860759493670886,0.11688311688261722,0.11392405063291139,0.27561837455790145,0.4936708860759494
ETTh1,nlinear,24,max,spike,42,residual,0.9862888526854233,0.9997162563296664,0.9503546099285781,7.850602520753857,0.8070175438591677,1.0,0.6764705882348464,1.0,0.4539473684207016,1.0
ETTh1,nlinear,24,max,spike,42,flatness,0.013634785346059093,0.2891828182294395,0.04080408040800025,0.23328367117304533,0.0,0.0,0.0,0.0,0.0,0.0
ETTh1,nlinear,24,max,spike,42,hybrid_rankmax,0.6694476346732294,0.9948642395669636,0.7928994082835404,1.0,0.7928994082835404,0.9710144927536232,0.6764705882348464,1.0,0.4539473684207016,1.0
ETTh1,nlinear,24,max,spike,2024,residual,0.978260494648378,0.9995154531168151,0.9343065693425657,8.159364608253856,0.8070175438591677,1.0,0.6764705882348464,1.0,0.4539473684207016,1.0
ETTh1,nlinear,24,max,spike,2024,flatness,0.013695191947442757,0.3011829928409289,0.04026845637579946,0.20532067168944682,0.0,0.0,0.0,0.0,0.008474576270772659,0.014492753623188406
ETTh1,nlinear,24,max,spike,2024,hybrid_rankmax,0.6565788860815468,0.9945106513008556,0.7710843373489117,1.0,0.7710843373489117,0.927536231884058,0.6764705882348464,1.0,0.4539473684207016,1.0
ETTh1,nlinear,24,max,spike,3407,residual,0.9782268390396629,0.9995748977097614,0.9496402877692844,7.646853941587191,0.8047337278101699,1.0,0.6732673267322266,1.0,0.4503311258274656,1.0
ETTh1,nlinear,24,max,spike,3407,flatness,0.014458195254922937,0.29206520006376535,0.03951191167921752,0.1770872861376344,0.019607843136810462,0.014705882352941176,0.014814814814314844,0.014705882352941176,0.008510638297461078,0.014705882352941176
ETTh1,nlinear,24,max,spike,3407,hybrid_rankmax,0.7572221167327501,0.996705457250651,0.851612903225314,1.0,0.8047337278101699,1.0,0.6732673267322266,1.0,0.4503311258274656,1.0
ETTh1,nlinear,24,max,level_shift,42,residual,0.987976122676544,0.9997333584290107,0.9620253164551964,7.323807872420524,0.8235294117642213,1.0,0.699999999999545,1.0,0.48275862068928893,1.0
ETTh1,nlinear,24,max,level_shift,42,flatness,0.012147529000007788,0.11390692640692641,0.04462474645026063,0.17855407975722998,0.0,0.0,0.0,0.0,0.0,0.0
ETTh1,nlinear,24,max,level_shift,42,hybrid_rankmax,0.7,0.995018115942029,0.8235294117642213,1.0,0.8235294117642213,1.0,0.699999999999545,1.0,0.48275862068928893,1.0
ETTh1,nlinear,24,max,level_shift,2024,residual,0.9999999999999998,1.0,0.9999999999995,9.235958295753857,0.8490566037730962,1.0,0.7346938775505556,1.0,0.523255813953102,1.0
ETTh1,nlinear,24,max,level_shift,2024,flatness,0.017013135925222623,0.2282880334107979,0.05191808479948793,0.16847076317214718,0.016260162601233395,0.011111111111111112,0.025477707005880156,0.022222222222222223,0.02334630350149041,0.03333333333333333
ETTh1,nlinear,24,max,level_shift,2024,hybrid_rankmax,0.7317073170731707,0.9949984843892088,0.8450704225347232,1.0,0.8490566037730962,1.0,0.7346938775505556,1.0,0.523255813953102,1.0
ETTh1,nlinear,24,max,level_shift,3407,residual,0.9982400749966952,0.9999579333817737,0.9813664596268293,8.55634440408719,0.8272251308895673,1.0,0.7053571428566862,1.0,0.489164086686937,1.0
ETTh1,nlinear,24,max,level_shift,3407,flatness,0.014884650761330689,0.2587938353283108,0.04585026117232896,0.1968479391759858,0.0,0.0,0.0,0.0,0.0,0.0
ETTh1,nlinear,24,max,level_shift,3407,hybrid_rankmax,0.7053571428571429,0.9950151057401813,0.8272251308895673,1.0,0.8272251308895673,1.0,0.7053571428566862,1.0,0.489164086686937,1.0
ETTh1,nlinear,24,max,frozen,42,residual,0.029655390625806806,0.5437252964426877,0.08368200836776407,3.119643833333331,0.0,0.0,0.02758620689605365,0.025974025974025976,0.07936507936465498,0.12987012987012986
ETTh1,nlinear,24,max,frozen,42,flatness,0.19774231116830676,0.7876180281071585,0.39130434782559365,8.363546373037318,0.3703703703698803,0.3246753246753247,0.3563218390799664,0.4025974025974026,0.2589928057549951,0.4675324675324675
ETTh1,nlinear,24,max,frozen,42,hybrid_rankmax,0.16128273073522734,0.7980915521676392,0.31055900621068105,0.98419452887538,0.2677165354325935,0.22077922077922077,0.2976190476185511,0.3246753246753247,0.23999999999959679,0.42857142857142855
ETTh1,nlinear,24,max,frozen,2024,residual,0.01881272256234024,0.354134249435856,0.05181655747463515,0.06305000833333452,0.0,0.0,0.0,0.0,0.0,0.0
ETTh1,nlinear,24,max,frozen,2024,flatness,0.25574176334293863,0.8191034320164359,0.4363636363631405,7.455903646809111,0.40522875816945025,0.34444444444444444,0.37696335078484194,0.4,0.27796610169449126,0.45555555555555555
ETTh1,nlinear,24,max,frozen,2024,hybrid_rankmax,0.2166407253865879,0.7813916675086727,0.37974683544254767,1.0,0.35135135135087475,0.28888888888888886,0.34224598930431355,0.35555555555555557,0.27796610169449126,0.45555555555555555
ETTh1,nlinear,24,max,frozen,3407,residual,0.03062332622669711,0.5364029217178476,0.08182912154014083,1.8420177041666665,0.0,0.0,0.0,0.0,0.03225806451569487,0.05063291139240506
ETTh1,nlinear,24,max,frozen,3407,flatness,0.3112809273234804,0.8717656506940993,0.5199999999995014,7.956221482898891,0.5165562913902294,0.4936708860759494,0.4408602150532748,0.5189873417721519,0.2877192982452133,0.5189873417721519
ETTh1,nlinear,24,max,frozen,3407,hybrid_rankmax,0.26387790334749606,0.8747638533022296,0.42176870748249595,1.0,0.3030303030298225,0.25316455696202533,0.40659340659291526,0.46835443037974683,0.2877192982452133,0.5189873417721519
ETTh1,nlinear,96,first,spike,42,residual,1.0000000000000002,1.0,0.9999999999995,7.373093162657852,0.8072289156621691,1.0,0.6767676767672289,1.0,0.45423728813524217,1.0
ETTh1,nlinear,96,first,spike,42,flatness,0.014129654785029467,0.30267010161464136,0.040071770334888956,0.15941242181612394,0.0,0.0,0.015151515151015265,0.014925373134328358,0.00873362445373452,0.014925373134328358
ETTh1,nlinear,96,first,spike,42,hybrid_rankmax,0.638095238095238,0.9941121784939572,0.7790697674413848,1.0,0.605633802816403,0.6417910447761194,0.6767676767672289,1.0,0.45423728813524217,1.0
ETTh1,nlinear,96,first,spike,2024,residual,0.9997805092186131,0.9999953748456355,0.9925925925920926,4.609530062657852,0.8072289156621691,1.0,0.6767676767672289,1.0,0.45423728813524217,1.0
ETTh1,nlinear,96,first,spike,2024,flatness,0.014434079647583965,0.29737661244444036,0.04047838086472516,0.22374780270732317,0.0,0.0,0.0,0.0,0.017391304347413195,0.029850746268656716
ETTh1,nlinear,96,first,spike,2024,hybrid_rankmax,0.6504854368932039,0.9944220638363805,0.7882352941171694,1.0,0.688741721853811,0.7761194029850746,0.6767676767672289,1.0,0.45423728813524217,1.0
ETTh1,nlinear,96,first,spike,3407,residual,0.9999999999999998,1.0,0.9999999999995,9.03572636265785,0.8095238095233276,1.0,0.6799999999995512,1.0,0.45791245791210483,1.0
ETTh1,nlinear,96,first,spike,3407,flatness,0.01494861927760327,0.2876878122606761,0.0407918416316337,0.1934542822037436,0.019801980197579845,0.014705882352941176,0.01503759398446266,0.014705882352941176,0.017316017315601884,0.029411764705882353
ETTh1,nlinear,96,first,spike,3407,hybrid_rankmax,0.6868686868686869,0.9951952882827031,0.8143712574845471,1.0,0.8095238095233276,1.0,0.6799999999995512,1.0,0.45791245791210483,1.0
ETTh1,nlinear,96,first,level_shift,42,residual,1.0,1.0,0.9999999999995,8.300689462657854,0.8279569892468266,1.0,0.7064220183481669,1.0,0.4904458598722412,1.0
ETTh1,nlinear,96,first,level_shift,42,flatness,0.015027992830671775,0.19090142061854837,0.04587429252304127,0.1602287736177951,0.0,0.0,0.04166666666616907,0.03896103896103896,0.0249999999995642,0.03896103896103896
ETTh1,nlinear,96,first,level_shift,42,hybrid_rankmax,0.6695652173913044,0.9940938762822505,0.8020833333328529,1.0,0.7955801104967486,0.935064935064935,0.7064220183481669,1.0,0.4904458598722412,1.0
ETTh1,nlinear,96,first,level_shift,2024,residual,1.0000000000000002,1.0,0.9999999999995,7.717070362657852,0.8072289156621691,1.0,0.6767676767672289,1.0,0.45423728813524217,1.0
ETTh1,nlinear,96,first,level_shift,2024,flatness,0.011344839629008244,0.16381834243717885,0.04005979073239721,0.15510441633237643,0.0,0.0,0.0,0.0,0.0,0.0
ETTh1,nlinear,96,first,level_shift,2024,hybrid_rankmax,0.638095238095238,0.9941121784939572,0.7790697674413848,1.0,0.7388535031842242,0.8656716417910447,0.6767676767672289,1.0,0.45423728813524217,1.0
ETTh1,nlinear,96,first,level_shift,3407,residual,0.9999999999999998,1.0,0.9999999999995,8.572319862657851,0.8315789473679353,1.0,0.7117117117112531,1.0,0.4968553459115762,1.0
ETTh1,nlinear,96,first,level_shift,3407,flatness,0.014177946298389327,0.21110301789475758,0.047009818506351,0.15623048680006818,0.0,0.0,0.0,0.0,0.0,0.0
ETTh1,nlinear,96,first,level_shift,3407,hybrid_rankmax,0.6752136752136753,0.9940902021772939,0.8061224489791107,1.0,0.5859872611459968,0.5822784810126582,0.7117117117112531,1.0,0.4968553459115762,1.0
ETTh1,nlinear,96,first,frozen,42,residual,0.21422093012776341,0.7076973384091818,0.3898305084741228,2.6091233000000003,0.37313432835772004,0.3246753246753247,0.3214285714280749,0.35064935064935066,0.2637362637358588,0.4675324675324675
ETTh1,nlinear,96,first,frozen,42,flatness,0.14768589801498433,0.6283421272541572,0.33846153846105553,22.19395558036282,0.3358778625949353,0.2857142857142857,0.3012048192766111,0.3246753246753247,0.1977186311782931,0.33766233766233766
ETTh1,nlinear,96,first,frozen,42,hybrid_rankmax,0.2645216628975843,0.8232563209249564,0.45977011494203535,0.9987096774193548,0.29687499999952066,0.24675324675324675,0.45054945054896234,0.5324675324675324,0.3426573426569492,0.6363636363636364
ETTh1,nlinear,96,first,frozen,2024,residual,0.09956721168619313,0.7048596496908084,0.213953488371664,1.44188312,0.1834862385316364,0.14925373134328357,0.18055555555505798,0.19402985074626866,0.18326693227052498,0.34328358208955223
ETTh1,nlinear,96,first,frozen,2024,flatness,0.1872524552618789,0.759121960695438,0.3999999999995026,7.631995985844465,0.3770491803273737,0.34328358208955223,0.3312101910823133,0.3880597014925373,0.2256809338517546,0.43283582089552236
ETTh1,nlinear,96,first,frozen,2024,hybrid_rankmax,0.205436479286529,0.8076513928652369,0.3815789473679281,0.9987096774193548,0.2162162162157377,0.1791044776119403,0.3726708074529302,0.44776119402985076,0.28571428571390883,0.5671641791044776
ETTh1,nlinear,96,first,frozen,3407,residual,0.09545707025950292,0.5972951158532984,0.19209039547973175,1.6953914999999995,0.1652892561978939,0.12658227848101267,0.15483870967691957,0.1518987341772152,0.14728682170500149,0.24050632911392406
ETTh1,nlinear,96,first,frozen,3407,flatness,0.3293962091016727,0.876831308935567,0.5298013245028124,8.57372911791277,0.5298013245028124,0.5063291139240507,0.46236559139736083,0.5443037974683544,0.32867132867092885,0.5949367088607594
ETTh1,nlinear,96,first,frozen,3407,hybrid_rankmax,0.332215045428742,0.8865956650983327,0.4874999999995001,1.0,0.5100671140934615,0.4810126582278481,0.45405405405356475,0.5316455696202531,0.3851351351347438,0.7215189873417721
ETTh1,nlinear,96,mean,spike,42,residual,0.9263083371809697,0.9974899598393574,0.8611111111106119,7.465306967628857,0.7857142857138015,0.9565217391304348,0.6633663366332135,0.9710144927536232,0.4488448844880971,0.9855072463768116
ETTh1,nlinear,96,mean,spike,42,flatness,0.013634785346059093,0.2891828182294395,0.04080408040800025,0.23328367117304533,0.0,0.0,0.0,0.0,0.0,0.0
ETTh1,nlinear,96,mean,spike,42,hybrid_rankmax,0.5665280188581208,0.9908547232407893,0.7045454545449779,1.0,0.6399999999995031,0.6956521739130435,0.6567164179099968,0.9565217391304348,0.4488448844880971,0.9855072463768116
ETTh1,nlinear,96,mean,spike,2024,residual,0.9016306599274491,0.9968482626156802,0.8531468531463536,7.470661164503858,0.7710843373489117,0.927536231884058,0.6499999999995479,0.9420289855072463,0.4539473684207016,1.0
ETTh1,nlinear,96,mean,spike,2024,flatness,0.013695191947442757,0.3011829928409289,0.04026845637579946,0.20532067168944682,0.0,0.0,0.0,0.0,0.008474576270772659,0.014492753623188406
ETTh1,nlinear,96,mean,spike,2024,hybrid_rankmax,0.5648155100285265,0.9904618473895582,0.7150837988822077,1.0,0.6490066225160599,0.7101449275362319,0.6499999999995479,0.9420289855072463,0.4437086092711706,0.9710144927536232
ETTh1,nlinear,96,mean,spike,3407,residual,0.8940115583465438,0.9967098853995077,0.8099173553714084,9.072173903253859,0.7374999999995112,0.8676470588235294,0.6532663316578415,0.9558823529411765,0.4503311258274656,1.0
ETTh1,nlinear,96,mean,spike,3407,flatness,0.014458195254922937,0.29206520006376535,0.03951191167921752,0.1770872861376344,0.019607843136810462,0.014705882352941176,0.014814814814314844,0.014705882352941176,0.008510638297461078,0.014705882352941176
ETTh1,nlinear,96,mean,spike,3407,hybrid_rankmax,0.6011284234599658,0.9924500061994084,0.7088607594931805,1.0,0.7133757961778529,0.8235294117647058,0.6464646464641954,0.9411764705882353,0.4503311258274656,1.0
ETTh1,nlinear,96,mean,level_shift,42,residual,0.9666137946066568,0.9992667356797792,0.9156626506019121,7.59890632283719,0.8235294117642213,1.0,0.699999999999545,1.0,0.48275862068928893,1.0
ETTh1,nlinear,96,mean,level_shift,42,flatness,0.012147529000007788,0.11390692640692641,0.04462474645026063,0.17855407975722998,0.0,0.0,0.0,0.0,0.0,0.0
ETTh1,nlinear,96,mean,level_shift,42,hybrid_rankmax,0.6260162601626016,0.9930555555555556,0.7699999999995264,1.0,0.4507042253516163,0.4155844155844156,0.699999999999545,1.0,0.48275862068928893,1.0
ETTh1,nlinear,96,mean,level_shift,2024,residual,0.9896140752621093,0.9997170859856522,0.9438202247186012,8.841188361378858,0.8490566037730962,1.0,0.7346938775505556,1.0,0.523255813953102,1.0
ETTh1,nlinear,96,mean,level_shift,2024,flatness,0.017013135925222623,0.2282880334107979,0.05191808479948793,0.16847076317214718,0.016260162601233395,0.011111111111111112,0.025477707005880156,0.022222222222222223,0.02334630350149041,0.03333333333333333
ETTh1,nlinear,96,mean,level_shift,2024,hybrid_rankmax,0.6617647058823529,0.9930281903607153,0.7964601769906712,1.0,0.5476190476185501,0.5111111111111111,0.7346938775505556,1.0,0.523255813953102,1.0
ETTh1,nlinear,96,mean,level_shift,3407,residual,0.9772726084316709,0.9994722551531607,0.9349112426030524,8.080857009295524,0.8272251308895673,1.0,0.7053571428566862,1.0,0.489164086686937,1.0
ETTh1,nlinear,96,mean,level_shift,3407,flatness,0.014884650761330689,0.2587938353283108,0.04585026117232896,0.1968479391759858,0.0,0.0,0.0,0.0,0.0,0.0
ETTh1,nlinear,96,mean,level_shift,3407,hybrid_rankmax,0.632,0.9930513595166163,0.7745098039210939,1.0,0.6900584795316665,0.7468354430379747,0.7053571428566862,1.0,0.489164086686937,1.0
ETTh1,nlinear,96,mean,frozen,42,residual,0.02837237481653601,0.37837615283267456,0.11320754716931182,5.732442234375,0.05309734513230918,0.03896103896103896,0.10596026490016246,0.1038961038961039,0.086956521738707,0.14285714285714285
ETTh1,nlinear,96,mean,frozen,42,flatness,0.19774231116830676,0.7876180281071585,0.39130434782559365,8.363546373037318,0.3703703703698803,0.3246753246753247,0.3563218390799664,0.4025974025974026,0.2589928057549951,0.4675324675324675
ETTh1,nlinear,96,mean,frozen,42,hybrid_rankmax,0.1404099129015247,0.7496706192358367,0.30622009569331454,0.98419452887538,0.2258064516124325,0.18181818181818182,0.23456790123406912,0.24675324675324675,0.2714285714281727,0.4935064935064935
ETTh1,nlinear,96,mean,frozen,2024,residual,0.024363650308733803,0.5003165942541511,0.061475409835994525,0.9346417000000002,0.0,0.0,0.0,0.0,0.0,0.0
ETTh1,nlinear,96,mean,frozen,2024,flatness,0.25574176334293863,0.8191034320164359,0.4363636363631405,7.455903646809111,0.40522875816945025,0.34444444444444444,0.37696335078484194,0.4,0.27796610169449126,0.45555555555555555
ETTh1,nlinear,96,mean,frozen,2024,hybrid_rankmax,0.16834792927221012,0.7067444680206123,0.3508771929819575,1.0,0.2446043165463061,0.18888888888888888,0.3243243243238247,0.3333333333333333,0.2482758620685374,0.4
ETTh1,nlinear,96,mean,frozen,3407,residual,0.02594316881252038,0.5526750544953918,0.06443298969053876,3.112745317708333,0.0,0.0,0.0,0.0,0.0,0.0
ETTh1,nlinear,96,mean,frozen,3407,flatness,0.3112809273234804,0.8717656506940993,0.5199999999995014,7.956221482898891,0.5165562913902294,0.4936708860759494,0.4408602150532748,0.5189873417721519,0.2877192982452133,0.5189873417721519
ETTh1,nlinear,96,mean,frozen,3407,hybrid_rankmax,0.20883016409158026,0.8396496997973154,0.3874999999995001,1.0,0.27692307692260015,0.22784810126582278,0.35227272727223247,0.3924050632911392,0.2877192982452133,0.5189873417721519
ETTh1,nlinear,96,max,spike,42,residual,0.9263083371809697,0.9974899598393574,0.8611111111106119,7.465306967628857,0.7857142857138015,0.9565217391304348,0.6633663366332135,0.9710144927536232,0.4488448844880971,0.9855072463768116
ETTh1,nlinear,96,max,spike,42,flatness,0.013634785346059093,0.2891828182294395,0.04080408040800025,0.23328367117304533,0.0,0.0,0.0,0.0,0.0,0.0
ETTh1,nlinear,96,max,spike,42,hybrid_rankmax,0.5580275394291042,0.9864566963506198,0.6874999999995093,0.9854103343465046,0.6753246753241807,0.7536231884057971,0.6082474226799539,0.855072463768116,0.43333333333297913,0.9420289855072463
ETTh1,nlinear,96,max,spike,2024,residual,0.9016306599274491,0.9968482626156802,0.8531468531463536,7.470661164503858,0.7710843373489117,0.927536231884058,0.6499999999995479,0.9420289855072463,0.4539473684207016,1.0
ETTh1,nlinear,96,max,spike,2024,flatness,0.013695191947442757,0.3011829928409289,0.04026845637579946,0.20532067168944682,0.0,0.0,0.0,0.0,0.008474576270772659,0.014492753623188406
ETTh1,nlinear,96,max,spike,2024,hybrid_rankmax,0.5226882081393192,0.9851209184564345,0.6951219512190246,0.9817629179331308,0.6216216216211239,0.6666666666666666,0.615384615384158,0.8695652173913043,0.4280936454845947,0.927536231884058
ETTh1,nlinear,96,max,spike,3407,residual,0.8940115583465438,0.9967098853995077,0.8099173553714084,9.072173903253859,0.7374999999995112,0.8676470588235294,0.6532663316578415,0.9558823529411765,0.4503311258274656,1.0
ETTh1,nlinear,96,max,spike,3407,flatness,0.014458195254922937,0.29206520006376535,0.03951191167921752,0.1770872861376344,0.019607843136810462,0.014705882352941176,0.014814814814314844,0.014705882352941176,0.008510638297461078,0.014705882352941176
ETTh1,nlinear,96,max,spike,3407,hybrid_rankmax,0.6350209897158576,0.9859804807198399,0.7352941176465589,0.9951367781155015,0.688311688311195,0.7794117647058824,0.5668449197856334,0.7794117647058824,0.4135593220335435,0.8970588235294118
ETTh1,nlinear,96,max,level_shift,42,residual,0.9666137946066568,0.9992667356797792,0.9156626506019121,7.59890632283719,0.8235294117642213,1.0,0.699999999999545,1.0,0.48275862068928893,1.0
ETTh1,nlinear,96,max,level_shift,42,flatness,0.012147529000007788,0.11390692640692641,0.04462474645026063,0.17855407975722998,0.0,0.0,0.0,0.0,0.0,0.0
ETTh1,nlinear,96,max,level_shift,42,hybrid_rankmax,0.6296172448920225,0.993133979547023,0.7717391304342958,0.9860182370820668,0.7499999999995077,0.8571428571428571,0.6880733944949559,0.974025974025974,0.48275862068928893,1.0
ETTh1,nlinear,96,max,level_shift,2024,residual,0.9896140752621093,0.9997170859856522,0.9438202247186012,8.841188361378858,0.8490566037730962,1.0,0.7346938775505556,1.0,0.523255813953102,1.0
ETTh1,nlinear,96,max,level_shift,2024,flatness,0.017013135925222623,0.2282880334107979,0.05191808479948793,0.16847076317214718,0.016260162601233395,0.011111111111111112,0.025477707005880156,0.022222222222222223,0.02334630350149041,0.03333333333333333
ETTh1,nlinear,96,max,level_shift,2024,hybrid_rankmax,0.7256947834931676,0.9948233471422318,0.8256880733940105,0.982370820668693,0.8155339805820322,0.9333333333333333,0.7346938775505556,1.0,0.523255813953102,1.0
ETTh1,nlinear,96,max,level_shift,3407,residual,0.9772726084316709,0.9994722551531607,0.9349112426030524,8.080857009295524,0.8272251308895673,1.0,0.7053571428566862,1.0,0.489164086686937,1.0
ETTh1,nlinear,96,max,level_shift,3407,flatness,0.014884650761330689,0.2587938353283108,0.04585026117232896,0.1968479391759858,0.0,0.0,0.0,0.0,0.0,0.0
ETTh1,nlinear,96,max,level_shift,3407,hybrid_rankmax,0.6684279178373969,0.9941470037095109,0.808290155439931,0.9848024316109423,0.7692307692302779,0.8860759493670886,0.7053571428566862,1.0,0.489164086686937,1.0
ETTh1,nlinear,96,max,frozen,42,residual,0.02837237481653601,0.37837615283267456,0.11320754716931182,5.732442234375,0.05309734513230918,0.03896103896103896,0.10596026490016246,0.1038961038961039,0.086956521738707,0.14285714285714285
ETTh1,nlinear,96,max,frozen,42,flatness,0.19774231116830676,0.7876180281071585,0.39130434782559365,8.363546373037318,0.3703703703698803,0.3246753246753247,0.3563218390799664,0.4025974025974026,0.2589928057549951,0.4675324675324675
ETTh1,nlinear,96,max,frozen,42,hybrid_rankmax,0.18962596960872954,0.8137136112679592,0.35064935064885067,0.9811550151975684,0.2677165354325935,0.22077922077922077,0.32748538011646405,0.36363636363636365,0.23999999999959679,0.42857142857142855
ETTh1,nlinear,96,max,frozen,2024,residual,0.024363650308733803,0.5003165942541511,0.061475409835994525,0.9346417000000002,0.0,0.0,0.0,0.0,0.0,0.0
ETTh1,nlinear,96,max,frozen,2024,flatness,0.25574176334293863,0.8191034320164359,0.4363636363631405,7.455903646809111,0.40522875816945025,0.34444444444444444,0.37696335078484194,0.4,0.27796610169449126,0.45555555555555555
ETTh1,nlinear,96,max,frozen,2024,hybrid_rankmax,0.2356659531630196,0.7726348051598126,0.40223463687100847,0.9811550151975684,0.39473684210478016,0.3333333333333333,0.37696335078484194,0.4,0.27796610169449126,0.45555555555555555
ETTh1,nlinear,96,max,frozen,3407,residual,0.02594316881252038,0.5526750544953918,0.06443298969053876,3.112745317708333,0.0,0.0,0.0,0.0,0.0,0.0
ETTh1,nlinear,96,max,frozen,3407,flatness,0.3112809273234804,0.8717656506940993,0.5199999999995014,7.956221482898891,0.5165562913902294,0.4936708860759494,0.4408602150532748,0.5189873417721519,0.2877192982452133,0.5189873417721519
ETTh1,nlinear,96,max,frozen,3407,hybrid_rankmax,0.2885569602991584,0.8611227962828406,0.4698795180717904,0.9811550151975684,0.43356643356593905,0.3924050632911392,0.4408602150532748,0.5189873417721519,0.2877192982452133,0.5189873417721519
ETTh2,nlinear,24,first,spike,42,residual,1.0000000000000002,1.0,0.9999999999995,27.709854376657177,0.8072289156621691,1.0,0.6733668341704075,1.0,0.44966442952985275,1.0
ETTh2,nlinear,24,first,spike,42,flatness,0.013530006554708013,0.27412196368867997,0.03934233705222214,0.059171934906330916,0.0199999999995578,0.014925373134328358,0.015037593984462434,0.014925373134328358,0.017167381973839196,0.029850746268656716
ETTh2,nlinear,24,first,spike,42,hybrid_rankmax,0.638095238095238,0.9942406789936343,0.7790697674413848,1.0,0.49999999999950007,0.4925373134328358,0.6733668341704075,1.0,0.44966442952985275,1.0
ETTh2,nlinear,24,first,spike,2024,residual,1.0000000000000002,1.0,0.9999999999995,27.960057376657165,0.8072289156621691,1.0,0.6733668341704075,1.0,0.44966442952985275,1.0
ETTh2,nlinear,24,first,spike,2024,flatness,0.013806477690839,0.2988965448598173,0.03990326481253589,0.07274421777232543,0.0,0.0,0.0,0.0,0.008620689654761631,0.014925373134328358
ETTh2,nlinear,24,first,spike,2024,hybrid_rankmax,0.6261682242990654,0.9939375568354046,0.770114942528262,1.0,0.7547169811315878,0.8955223880597015,0.6733668341704075,1.0,0.44966442952985275,1.0
ETTh2,nlinear,24,first,spike,3407,residual,0.9999999999999998,1.0,0.9999999999995,27.54074237665717,0.8095238095233276,1.0,0.6766169154224378,1.0,0.4533333333329827,1.0
ETTh2,nlinear,24,first,spike,3407,flatness,0.012905153776897995,0.27542985053330005,0.04054859868809384,0.068544382304222,0.0,0.0,0.0,0.0,0.0,0.0
ETTh2,nlinear,24,first,spike,3407,hybrid_rankmax,0.6666666666666666,0.9948453608247423,0.79999999999952,1.0,0.8095238095233276,1.0,0.6766169154224378,1.0,0.4533333333329827,1.0
ETTh2,nlinear,24,first,level_shift,42,residual,1.0,1.0,0.9999999999995,28.11209937665717,0.8279569892468266,1.0,0.7031963470315076,1.0,0.48427672955938134,1.0
ETTh2,nlinear,24,first,level_shift,42,flatness,0.013539314841033493,0.1568589513253545,0.04489795918362957,0.05146112085134216,0.0,0.0,0.02777777777728019,0.025974025974025976,0.01646090534936131,0.025974025974025976
ETTh2,nlinear,24,first,level_shift,42,hybrid_rankmax,0.6581196581196581,0.993919124353907,0.793814432989212,1.0,0.7471264367811158,0.8441558441558441,0.7031963470315076,1.0,0.48427672955938134,1.0
ETTh2,nlinear,24,first,level_shift,2024,residual,1.0000000000000002,1.0,0.9999999999995,28.765794376657162,0.8072289156621691,1.0,0.6733668341704075,1.0,0.44966442952985275,1.0
ETTh2,nlinear,24,first,level_shift,2024,flatness,0.015248049083796792,0.23676555084534892,0.04854368931994942,2.193551043434116,0.0,0.0,0.04444444444394447,0.04477611940298507,0.0423728813555256,0.07462686567164178
ETTh2,nlinear,24,first,level_shift,2024,hybrid_rankmax,0.6261682242990654,0.9939375568354046,0.770114942528262,1.0,0.7388535031842242,0.8656716417910447,0.6733668341704075,1.0,0.44966442952985275,1.0
ETTh2,nlinear,24,first,level_shift,3407,residual,0.9999999999999999,1.0,0.9999999999995,26.969536376657167,0.8315789473679353,1.0,0.7085201793717398,1.0,0.4906832298132943,1.0
ETTh2,nlinear,24,first,level_shift,3407,flatness,0.013709688632764479,0.21130036622983522,0.046023885814111744,0.0492422698667209,0.0,0.0,0.0,0.0,0.0,0.0
ETTh2,nlinear,24,first,level_shift,3407,hybrid_rankmax,0.6752136752136753,0.9942196531791908,0.8061224489791107,1.0,0.8253968253963389,0.9873417721518988,0.7085201793717398,1.0,0.4906832298132943,1.0
ETTh2,nlinear,24,first,frozen,42,residual,0.5160183321901853,0.8239349583223101,0.564102564102114,3.616865000000004,0.4965517241374329,0.4675324675324675,0.4309392265188481,0.5064935064935064,0.308771929824167,0.5714285714285714
ETTh2,nlinear,24,first,frozen,42,flatness,0.1354319382171923,0.733845206177222,0.2923076923072093,8.232305158089188,0.28346456692865646,0.23376623376623376,0.25766871165594324,0.2727272727272727,0.1879699248116187,0.3246753246753247
ETTh2,nlinear,24,first,frozen,42,hybrid_rankmax,0.29019763650522307,0.8520037274977986,0.4749999999995007,1.0,0.3851851851846951,0.33766233766233766,0.4480874316935017,0.5324675324675324,0.31468531468492117,0.5844155844155844
ETTh2,nlinear,24,first,frozen,2024,residual,0.2648431646876266,0.8134622431944551,0.31914893616980333,3.3552099999999996,0.2631578947363575,0.22388059701492538,0.2516556291385792,0.2835820895522388,0.20930232558101083,0.40298507462686567
ETTh2,nlinear,24,first,frozen,2024,flatness,0.25567346071177316,0.8644817742147101,0.4216867469874704,3.447104437783566,0.3770491803273737,0.34328358208955223,0.4191616766462261,0.5223880597014925,0.28888888888851577,0.582089552238806
ETTh2,nlinear,24,first,frozen,2024,hybrid_rankmax,0.19427151483415733,0.8677708758420688,0.330827067668673,1.0,0.36363636363586943,0.3283582089552239,0.2857142857137942,0.3283582089552239,0.24999999999962125,0.4925373134328358
ETTh2,nlinear,24,first,frozen,3407,residual,0.6853374891026467,0.9125939161945986,0.7175572519079181,3.7502129999999987,0.6211180124218605,0.6329113924050633,0.5380710659893672,0.6708860759493671,0.3853820598002773,0.7341772151898734
ETTh2,nlinear,24,first,frozen,3407,flatness,0.22649190918946432,0.7031940170907256,0.43971631205624484,1000000.0,0.4366197183093655,0.3924050632911392,0.35428571428521904,0.3924050632911392,0.23913043478220014,0.4177215189873418
ETTh2,nlinear,24,first,frozen,3407,hybrid_rankmax,0.46459427587616176,0.9132139267463311,0.6444444444439518,1.0,0.6626506024091396,0.6962025316455697,0.5882352941171725,0.759493670886076,0.4117647058819699,0.7974683544303798
ETTh2,nlinear,24,mean,spike,42,residual,0.9999999999999998,1.0,0.9999999999995,19.808773837814904,0.8070175438591677,1.0,0.6764705882348464,1.0,0.4539473684207016,1.0
ETTh2,nlinear,24,mean,spike,42,flatness,0.01340541122022647,0.26617775449624587,0.0402097902097508,0.062209240419867765,0.0,0.0,0.014705882352441284,0.014492753623188406,0.008474576270772659,0.014492753623188406
ETTh2,nlinear,24,mean,spike,42,hybrid_rankmax,0.5111111111111111,0.9900602409638555,0.6764705882348464,1.0,0.327868852458525,0.2898550724637681,0.6764705882348464,1.0,0.4539473684207016,1.0
ETTh2,nlinear,24,mean,spike,2024,residual,0.9999999999999998,1.0,0.9999999999995,20.977160379481564,0.8070175438591677,1.0,0.6764705882348464,1.0,0.4539473684207016,1.0
ETTh2,nlinear,24,mean,spike,2024,flatness,0.01465912019107898,0.31031517373843204,0.0403390821396857,0.06681036293899574,0.0,0.0,0.0,0.0,0.016877637130388933,0.028985507246376812
ETTh2,nlinear,24,mean,spike,2024,hybrid_rankmax,0.5,0.9896084337349398,0.6666666666662222,1.0,0.3679999999995054,0.3333333333333333,0.6633663366332135,0.9710144927536232,0.4539473684207016,1.0
ETTh2,nlinear,24,mean,spike,3407,residual,0.9999999999999998,1.0,0.9999999999995,20.81859217114823,0.8047337278101699,1.0,0.6732673267322266,1.0,0.4503311258274656,1.0
ETTh2,nlinear,24,mean,spike,3407,flatness,0.013632511414586298,0.26510441575003985,0.03962703962700078,0.06090496645007533,0.019607843136810462,0.014705882352941176,0.014814814814314844,0.014705882352941176,0.008510638297461078,0.014705882352941176
ETTh2,nlinear,24,mean,spike,3407,hybrid_rankmax,0.5573770491803278,0.9918699186991871,0.7157894736837508,1.0,0.5673758865243232,0.5882352941176471,0.6732673267322266,1.0,0.4503311258274656,1.0
ETTh2,nlinear,24,mean,level_shift,42,residual,1.0,1.0,0.9999999999995,21.7708252128149,0.8235294117642213,1.0,0.699999999999545,1.0,0.48275862068928893,1.0
ETTh2,nlinear,24,mean,level_shift,42,flatness,0.013211956055656834,0.13130528891398455,0.044676530316173316,0.0670750667496457,0.0,0.0,0.02758620689605365,0.025974025974025976,0.016393442622518843,0.025974025974025976
ETTh2,nlinear,24,mean,level_shift,42,hybrid_rankmax,0.5273972602739726,0.9895833333333334,0.6905829596408034,1.0,0.6904761904756939,0.7532467532467533,0.699999999999545,1.0,0.48275862068928893,1.0
ETTh2,nlinear,24,mean,level_shift,2024,residual,0.9999999999999998,1.0,0.9999999999995,27.174261441981564,0.8490566037730962,1.0,0.7346938775505556,1.0,0.523255813953102,1.0
ETTh2,nlinear,24,mean,level_shift,2024,flatness,0.016673419790945037,0.237230137078576,0.05191808479948793,0.05238151190148825,0.0,0.0,0.0,0.0,0.007843137254445215,0.011111111111111112
ETTh2,nlinear,24,mean,level_shift,2024,hybrid_rankmax,0.5660377358490566,0.989542285541073,0.7228915662645986,1.0,0.6593406593401593,0.6666666666666666,0.6919831223623979,0.9111111111111111,0.523255813953102,1.0
ETTh2,nlinear,24,mean,level_shift,3407,residual,0.9999999999999999,1.0,0.9999999999995,27.37562900448156,0.8272251308895673,1.0,0.7053571428566862,1.0,0.489164086686937,1.0
ETTh2,nlinear,24,mean,level_shift,3407,flatness,0.01375213434216871,0.21477303147347893,0.04589021202435249,0.06214649812126269,0.0,0.0,0.0,0.0,0.0,0.0
ETTh2,nlinear,24,mean,level_shift,3407,hybrid_rankmax,0.5337837837837838,0.9895770392749245,0.696035242290295,1.0,0.38848920863260283,0.34177215189873417,0.592233009708265,0.7721518987341772,0.489164086686937,1.0
ETTh2,nlinear,24,mean,frozen,42,residual,0.09520052807766835,0.7283353723571115,0.21739130434733936,9.085948000000002,0.07017543859605278,0.05194805194805195,0.20125786163472065,0.2077922077922078,0.19402985074585913,0.33766233766233766
ETTh2,nlinear,24,mean,frozen,42,flatness,0.20913260062617697,0.8592446201141852,0.35971223021533316,5.2784615825160035,0.3206106870224162,0.2727272727272727,0.33720930232508683,0.37662337662337664,0.2589928057549951,0.4675324675324675
ETTh2,nlinear,24,mean,frozen,42,hybrid_rankmax,0.17772870430637164,0.8506375870506305,0.33507853403093235,0.9993920972644377,0.13559322033852964,0.1038961038961039,0.32748538011646405,0.36363636363636365,0.27758007117397937,0.5064935064935064
ETTh2,nlinear,24,mean,frozen,2024,residual,0.03996765838173914,0.6103802499073793,0.09729729729708365,4.307635250000001,0.0,0.0,0.0,0.0,0.031007751937530192,0.044444444444444446
ETTh2,nlinear,24,mean,frozen,2024,flatness,0.32945696790415524,0.8813680913408104,0.4390243902434072,5.494481784772069,0.4258064516124162,0.36666666666666664,0.4343434343429385,0.4777777777777778,0.3717948717944613,0.6444444444444445
ETTh2,nlinear,24,mean,frozen,2024,hybrid_rankmax,0.17101726205798817,0.8506837088680071,0.3265306122444013,1.0,0.20588235294072882,0.15555555555555556,0.2777777777772778,0.2777777777777778,0.22377622377579245,0.35555555555555557
ETTh2,nlinear,24,mean,frozen,3407,residual,0.1163394348800748,0.8220696776167348,0.21978021977972848,9.196316625000001,0.11764705882308314,0.08860759493670886,0.19875776397465544,0.20253164556962025,0.20588235294076432,0.35443037974683544
ETTh2,nlinear,24,mean,frozen,3407,flatness,0.25639864809622404,0.7308195342078091,0.45833333333283804,8.232323889156472,0.4551724137926075,0.4177215189873418,0.3888888888883963,0.4430379746835443,0.26950354609888744,0.4810126582278481
ETTh2,nlinear,24,mean,frozen,3407,hybrid_rankmax,0.20159884113145485,0.8885234617002562,0.35675675675626733,1.0,0.2499999999995275,0.20253164556962025,0.37078651685343894,0.4177215189873418,0.28169014084466887,0.5063291139240507
ETTh2,nlinear,24,max,spike,42,residual,0.9999999999999998,1.0,0.9999999999995,19.808773837814904,0.8070175438591677,1.0,0.6764705882348464,1.0,0.4539473684207016,1.0
ETTh2,nlinear,24,max,spike,42,flatness,0.01340541122022647,0.26617775449624587,0.0402097902097508,0.062209240419867765,0.0,0.0,0.014705882352441284,0.014492753623188406,0.008474576270772659,0.014492753623188406
ETTh2,nlinear,24,max,spike,42,hybrid_rankmax,0.6764705882352942,0.9950301204819276,0.8070175438591677,1.0,0.8070175438591677,1.0,0.6764705882348464,1.0,0.4539473684207016,1.0
ETTh2,nlinear,24,max,spike,2024,residual,0.9999999999999998,1.0,0.9999999999995,20.977160379481564,0.8070175438591677,1.0,0.6764705882348464,1.0,0.4539473684207016,1.0
ETTh2,nlinear,24,max,spike,2024,flatness,0.01465912019107898,0.31031517373843204,0.0403390821396857,0.06681036293899574,0.0,0.0,0.0,0.0,0.016877637130388933,0.028985507246376812
ETTh2,nlinear,24,max,spike,2024,hybrid_rankmax,0.6764705882352942,0.9950301204819277,0.8070175438591677,1.0,0.8070175438591677,1.0,0.6764705882348464,1.0,0.4539473684207016,1.0
ETTh2,nlinear,24,max,spike,3407,residual,0.9999999999999998,1.0,0.9999999999995,20.81859217114823,0.8047337278101699,1.0,0.6732673267322266,1.0,0.4503311258274656,1.0
ETTh2,nlinear,24,max,spike,3407,flatness,0.013632511414586298,0.26510441575003985,0.03962703962700078,0.06090496645007533,0.019607843136810462,0.014705882352941176,0.014814814814314844,0.014705882352941176,0.008510638297461078,0.014705882352941176
ETTh2,nlinear,24,max,spike,3407,hybrid_rankmax,0.7640449438202247,0.9968383017163505,0.8662420382160694,1.0,0.8047337278101699,1.0,0.6732673267322266,1.0,0.4503311258274656,1.0
ETTh2,nlinear,24,max,level_shift,42,residual,1.0,1.0,0.9999999999995,21.7708252128149,0.8235294117642213,1.0,0.699999999999545,1.0,0.48275862068928893,1.0
ETTh2,nlinear,24,max,level_shift,42,flatness,0.013211956055656834,0.13130528891398455,0.044676530316173316,0.0670750667496457,0.0,0.0,0.02758620689605365,0.025974025974025976,0.016393442622518843,0.025974025974025976
ETTh2,nlinear,24,max,level_shift,42,hybrid_rankmax,0.7,0.995018115942029,0.8235294117642213,1.0,0.8235294117642213,1.0,0.699999999999545,1.0,0.48275862068928893,1.0
ETTh2,nlinear,24,max,level_shift,2024,residual,0.9999999999999998,1.0,0.9999999999995,27.174261441981564,0.8490566037730962,1.0,0.7346938775505556,1.0,0.523255813953102,1.0
ETTh2,nlinear,24,max,level_shift,2024,flatness,0.016673419790945037,0.237230137078576,0.05191808479948793,0.05238151190148825,0.0,0.0,0.0,0.0,0.007843137254445215,0.011111111111111112
ETTh2,nlinear,24,max,level_shift,2024,hybrid_rankmax,0.7317073170731707,0.9949984843892088,0.8450704225347232,1.0,0.7980295566497527,0.9,0.7346938775505556,1.0,0.523255813953102,1.0
ETTh2,nlinear,24,max,level_shift,3407,residual,0.9999999999999999,1.0,0.9999999999995,27.37562900448156,0.8272251308895673,1.0,0.7053571428566862,1.0,0.489164086686937,1.0
ETTh2,nlinear,24,max,level_shift,3407,flatness,0.01375213434216871,0.21477303147347893,0.04589021202435249,0.06214649812126269,0.0,0.0,0.0,0.0,0.0,0.0
ETTh2,nlinear,24,max,level_shift,3407,hybrid_rankmax,0.7053571428571429,0.9950151057401813,0.8272251308895673,1.0,0.8272251308895673,1.0,0.7053571428566862,1.0,0.489164086686937,1.0
ETTh2,nlinear,24,max,frozen,42,residual,0.09520052807766835,0.7283353723571115,0.21739130434733936,9.085948000000002,0.07017543859605278,0.05194805194805195,0.20125786163472065,0.2077922077922078,0.19402985074585913,0.33766233766233766
ETTh2,nlinear,24,max,frozen,42,flatness,0.20913260062617697,0.8592446201141852,0.35971223021533316,5.2784615825160035,0.3206106870224162,0.2727272727272727,0.33720930232508683,0.37662337662337664,0.2589928057549951,0.4675324675324675
ETTh2,nlinear,24,max,frozen,42,hybrid_rankmax,0.20108443723193184,0.8670830980613589,0.3699999999995265,0.9787234042553191,0.19672131147494426,0.15584415584415584,0.3076923076918116,0.33766233766233766,0.3076923076919142,0.5714285714285714
ETTh2,nlinear,24,max,frozen,2024,residual,0.03996765838173914,0.6103802499073793,0.09729729729708365,4.307635250000001,0.0,0.0,0.0,0.0,0.031007751937530192,0.044444444444444446
ETTh2,nlinear,24,max,frozen,2024,flatness,0.32945696790415524,0.8813680913408104,0.4390243902434072,5.494481784772069,0.4258064516124162,0.36666666666666664,0.4343434343429385,0.4777777777777778,0.3717948717944613,0.6444444444444445
ETTh2,nlinear,24,max,frozen,2024,hybrid_rankmax,0.25922347037641186,0.8719999326395205,0.3999999999995078,1.0,0.16541353383414892,0.12222222222222222,0.34224598930431355,0.35555555555555557,0.2953020134223972,0.4888888888888889
ETTh2,nlinear,24,max,frozen,3407,residual,0.1163394348800748,0.8220696776167348,0.21978021977972848,9.196316625000001,0.11764705882308314,0.08860759493670886,0.19875776397465544,0.20253164556962025,0.20588235294076432,0.35443037974683544
ETTh2,nlinear,24,max,frozen,3407,flatness,0.25639864809622404,0.7308195342078091,0.45833333333283804,8.232323889156472,0.4551724137926075,0.4177215189873418,0.3888888888883963,0.4430379746835443,0.26950354609888744,0.4810126582278481
ETTh2,nlinear,24,max,frozen,3407,hybrid_rankmax,0.25113644179989936,0.8423438754828101,0.42176870748249595,1.0,0.422535211267112,0.379746835443038,0.37078651685343894,0.4177215189873418,0.28169014084466887,0.5063291139240507
ETTh2,dlinear,96,first,spike,42,residual,1.0000000000000002,1.0,0.9999999999995,27.454899217332567,0.8072289156621691,1.0,0.6767676767672289,1.0,0.45423728813524217,1.0
ETTh2,dlinear,96,first,spike,42,flatness,0.014186844163399886,0.30551457154882544,0.040532365396209524,0.06490147189170278,0.0199999999995578,0.014925373134328358,0.015151515151015265,0.014925373134328358,0.00873362445373452,0.014925373134328358
ETTh2,dlinear,96,first,spike,42,hybrid_rankmax,0.67,0.9948868918500154,0.8023952095803579,1.0,0.7777777777772926,0.9402985074626866,0.6767676767672289,1.0,0.45423728813524217,1.0
ETTh2,dlinear,96,first,spike,2024,residual,1.0000000000000002,1.0,0.9999999999995,25.36373421733257,0.8072289156621691,1.0,0.6767676767672289,1.0,0.45423728813524217,1.0
ETTh2,dlinear,96,first,spike,2024,flatness,0.014337509769116083,0.30820641138898014,0.040288634996953905,0.06266987303729556,0.0,0.0,0.0,0.0,0.00873362445373452,0.014925373134328358
ETTh2,dlinear,96,first,spike,2024,hybrid_rankmax,0.67,0.9948868918500154,0.8023952095803579,1.0,0.7547169811315878,0.8955223880597015,0.6767676767672289,1.0,0.45423728813524217,1.0
ETTh2,dlinear,96,first,spike,3407,residual,0.9999999999999998,1.0,0.9999999999995,28.600740217332564,0.8095238095233276,1.0,0.6799999999995512,1.0,0.45791245791210483,1.0
ETTh2,dlinear,96,first,spike,3407,flatness,0.015142994535734703,0.29782830677218186,0.04102564102560084,0.06448618484556268,0.019801980197579845,0.014705882352941176,0.01503759398446266,0.014705882352941176,0.025862068965102857,0.04411764705882353
ETTh2,dlinear,96,first,spike,3407,hybrid_rankmax,0.7083333333333334,0.9956602603843768,0.8292682926824413,1.0,0.8095238095233276,1.0,0.6799999999995512,1.0,0.45791245791210483,1.0
ETTh2,dlinear,96,first,level_shift,42,residual,1.0,1.0,0.9999999999995,27.167939217332567,0.8279569892468266,1.0,0.7064220183481669,1.0,0.4904458598722412,1.0
ETTh2,dlinear,96,first,level_shift,42,flatness,0.014626946599393311,0.18770815755584175,0.045970149253686435,0.05776325450549546,0.03603603603561107,0.025974025974025976,0.027972027971530932,0.025974025974025976,0.01673640167320341,0.025974025974025976
ETTh2,dlinear,96,first,level_shift,42,hybrid_rankmax,0.6936936936936937,0.9947155735156978,0.8191489361697291,1.0,0.7613636363631442,0.8701298701298701,0.7064220183481669,1.0,0.4904458598722412,1.0
ETTh2,dlinear,96,first,level_shift,2024,residual,1.0000000000000002,1.0,0.9999999999995,27.497972217332567,0.8072289156621691,1.0,0.6767676767672289,1.0,0.45423728813524217,1.0
ETTh2,dlinear,96,first,level_shift,2024,flatness,0.015265779734311813,0.2508961236581271,0.04444444444394447,3.1521820956292457,0.0,0.0,0.03007518796942484,0.029850746268656716,0.025974025973614135,0.04477611940298507
ETTh2,dlinear,96,first,level_shift,2024,hybrid_rankmax,0.6633663366336634,0.9947319491788038,0.7976190476185681,1.0,0.7926829268287849,0.9701492537313433,0.6767676767672289,1.0,0.45423728813524217,1.0
ETTh2,dlinear,96,first,level_shift,3407,residual,0.9999999999999999,1.0,0.9999999999995,28.116410217332565,0.8315789473679353,1.0,0.7117117117112531,1.0,0.4968553459115762,1.0
ETTh2,dlinear,96,first,level_shift,3407,flatness,0.017139778963586507,0.22509400161426857,0.05245901639305877,1.6807312121556544,0.0178571428567272,0.012658227848101266,0.027586206896055745,0.02531645569620253,0.04098360655693916,0.06329113924050633
ETTh2,dlinear,96,first,level_shift,3407,hybrid_rankmax,0.6991150442477876,0.9947122861586314,0.8229166666661822,1.0,0.8253968253963389,0.9873417721518988,0.7117117117112531,1.0,0.4968553459115762,1.0
ETTh2,dlinear,96,first,frozen,42,residual,0.3695056867837851,0.8451973888716195,0.3947368421047633,3.462648999999999,0.34848484848436234,0.2987012987012987,0.36046511627857525,0.4025974025974026,0.3010752688168047,0.5454545454545454
ETTh2,dlinear,96,first,frozen,42,flatness,0.22416546102758142,0.8332458651078484,0.3885714285709358,3.2877875202815083,0.28346456692865646,0.23376623376623376,0.3885714285709358,0.44155844155844154,0.2949640287765779,0.5324675324675324
ETTh2,dlinear,96,first,frozen,42,hybrid_rankmax,0.2524163510845754,0.8852564904787472,0.3636363636358883,0.9980645161290322,0.21311475409789504,0.16883116883116883,0.3699421965312979,0.4155844155844156,0.3426573426569492,0.6363636363636364
ETTh2,dlinear,96,first,frozen,2024,residual,0.42814512811705985,0.8409825677932,0.4736842105258312,3.918813,0.4651162790692683,0.44776119402985076,0.3726708074529302,0.44776119402985076,0.28571428571390883,0.5671641791044776
ETTh2,dlinear,96,first,frozen,2024,flatness,0.17044125076891875,0.8004615904055797,0.32758620689606377,1000000.0,0.32203389830459395,0.2835820895522388,0.27631578947319124,0.31343283582089554,0.1976284584976343,0.373134328358209
ETTh2,dlinear,96,first,frozen,2024,hybrid_rankmax,0.25427703534331,0.8736800965732231,0.42236024844671904,0.9987096774193548,0.3770491803273737,0.34328358208955223,0.4121212121207298,0.5074626865671642,0.28571428571390883,0.5671641791044776
ETTh2,dlinear,96,first,frozen,3407,residual,0.44058897507261147,0.8009134397700652,0.5132743362827651,5.199589999999997,0.4475524475519531,0.4050632911392405,0.36571428571379044,0.4050632911392405,0.25547445255433415,0.4430379746835443
ETTh2,dlinear,96,first,frozen,3407,flatness,0.2795545182720654,0.795169006043664,0.4794520547940239,5.490313005019159,0.4794520547940239,0.4430379746835443,0.4022346368710153,0.45569620253164556,0.2867383512540744,0.5063291139240507
ETTh2,dlinear,96,first,frozen,3407,hybrid_rankmax,0.3871606786315772,0.9036498218398724,0.5731707317068178,1.0,0.539473684210027,0.5189873417721519,0.5104166666661824,0.620253164556962,0.36301369862974225,0.6708860759493671
ETTh2,dlinear,96,mean,spike,42,residual,0.9973351048395716,0.9999388859786974,0.9852941176465589,23.307693473231566,0.8070175438591677,1.0,0.6764705882348464,1.0,0.4539473684207016,1.0
ETTh2,dlinear,96,mean,spike,42,flatness,0.01340541122022647,0.26617775449624587,0.0402097902097508,0.062209240419867765,0.0,0.0,0.014705882352441284,0.014492753623188406,0.008474576270772659,0.014492753623188406
ETTh2,dlinear,96,mean,spike,42,hybrid_rankmax,0.4233128834355828,0.9858433734939759,0.5948275862064786,1.0,0.2857142857137985,0.2463768115942029,0.5405405405400727,0.7246376811594203,0.4539473684207016,1.0
ETTh2,dlinear,96,mean,spike,2024,residual,0.9987917978388494,0.9999738082765846,0.9852941176465589,21.2897490878149,0.8070175438591677,1.0,0.6764705882348464,1.0,0.4539473684207016,1.0
ETTh2,dlinear,96,mean,spike,2024,flatness,0.01465912019107898,0.31031517373843204,0.0403390821396857,0.06681036293899574,0.0,0.0,0.0,0.0,0.016877637130388933,0.028985507246376812
ETTh2,dlinear,96,mean,spike,2024,hybrid_rankmax,0.41818181818181815,0.9855421686746988,0.5897435897431738,1.0,0.19469026548625012,0.15942028985507245,0.35365853658487845,0.42028985507246375,0.4539473684207016,1.0
ETTh2,dlinear,96,mean,spike,3407,residual,0.9979817027394993,0.9999557185114335,0.978102189780522,20.359366389898227,0.8047337278101699,1.0,0.6732673267322266,1.0,0.4503311258274656,1.0
ETTh2,dlinear,96,mean,spike,3407,flatness,0.013632511414586298,0.26510441575003985,0.03962703962700078,0.06090496645007533,0.019607843136810462,0.014705882352941176,0.014814814814314844,0.014705882352941176,0.008510638297461078,0.014705882352941176
ETTh2,dlinear,96,mean,spike,3407,hybrid_rankmax,0.4503311258278146,0.9875037639265282,0.6210045662096174,1.0,0.18018018017970555,0.14705882352941177,0.47727272727225306,0.6176470588235294,0.4503311258274656,1.0
ETTh2,dlinear,96,mean,level_shift,42,residual,1.0,1.0,0.9999999999995,25.924040139898228,0.8235294117642213,1.0,0.699999999999545,1.0,0.48275862068928893,1.0
ETTh2,dlinear,96,mean,level_shift,42,flatness,0.013211956055656834,0.13130528891398455,0.044676530316173316,0.0670750667496457,0.0,0.0,0.02758620689605365,0.025974025974025976,0.016393442622518843,0.025974025974025976
ETTh2,dlinear,96,mean,level_shift,42,hybrid_rankmax,0.44508670520231214,0.9855072463768115,0.6159999999995737,1.0,0.2677165354325935,0.22077922077922077,0.611650485436425,0.8181818181818182,0.48275862068928893,1.0
ETTh2,dlinear,96,mean,level_shift,2024,residual,0.9999999999999998,1.0,0.9999999999995,21.384442056564897,0.8490566037730962,1.0,0.7346938775505556,1.0,0.523255813953102,1.0
ETTh2,dlinear,96,mean,level_shift,2024,flatness,0.016673419790945037,0.237230137078576,0.05191808479948793,0.05238151190148825,0.0,0.0,0.0,0.0,0.007843137254445215,0.011111111111111112
ETTh2,dlinear,96,mean,level_shift,2024,hybrid_rankmax,0.4838709677419355,0.9854501364049713,0.6521739130430387,1.0,0.23188405797056083,0.17777777777777778,0.39378238341919136,0.4222222222222222,0.523255813953102,1.0
ETTh2,dlinear,96,mean,level_shift,3407,residual,0.9999999999999999,1.0,0.9999999999995,27.12450286906489,0.8272251308895673,1.0,0.7053571428566862,1.0,0.489164086686937,1.0
ETTh2,dlinear,96,mean,level_shift,3407,flatness,0.01375213434216871,0.21477303147347893,0.04589021202435249,0.06214649812126269,0.0,0.0,0.0,0.0,0.0,0.0
ETTh2,dlinear,96,mean,level_shift,3407,hybrid_rankmax,0.4514285714285714,0.9854984894259818,0.6220472440940595,1.0,0.4113475177300037,0.3670886075949367,0.6057692307687595,0.7974683544303798,0.489164086686937,1.0
ETTh2,dlinear,96,mean,frozen,42,residual,0.0863327922499498,0.6680939833113747,0.2075471698108582,11.27114540625,0.10344827586162261,0.07792207792207792,0.16666666666616675,0.16883116883116883,0.19402985074585913,0.33766233766233766
ETTh2,dlinear,96,mean,frozen,42,flatness,0.20913260062617697,0.8592446201141852,0.35971223021533316,5.2784615825160035,0.3206106870224162,0.2727272727272727,0.33720930232508683,0.37662337662337664,0.2589928057549951,0.4675324675324675
ETTh2,dlinear,96,mean,frozen,42,hybrid_rankmax,0.1404138122423528,0.8303316550599159,0.27184466019370657,1.0,0.3333333333328472,0.2857142857142857,0.32748538011646405,0.36363636363636365,0.2589928057549951,0.4675324675324675
ETTh2,dlinear,96,mean,frozen,2024,residual,0.03833037275451045,0.629002054494628,0.08767123287656145,5.479418500000001,0.0,0.0,0.0,0.0,0.046153846153393484,0.06666666666666667
ETTh2,dlinear,96,mean,frozen,2024,flatness,0.32945696790415524,0.8813680913408104,0.4390243902434072,5.494481784772069,0.4258064516124162,0.36666666666666664,0.4343434343429385,0.4777777777777778,0.3717948717944613,0.6444444444444445
ETTh2,dlinear,96,mean,frozen,2024,hybrid_rankmax,0.13543193582872629,0.8116920952477181,0.28699551569458587,1.0,0.0,0.0,0.08641975308592592,0.07777777777777778,0.2361111111106814,0.37777777777777777
ETTh2,dlinear,96,mean,frozen,3407,residual,0.03677705692910394,0.663015794103025,0.0886075949364901,7.499305005208333,0.0,0.0,0.0,0.0,0.0,0.0
ETTh2,dlinear,96,mean,frozen,3407,flatness,0.25639864809622404,0.7308195342078091,0.45833333333283804,8.232323889156472,0.4551724137926075,0.4177215189873418,0.3888888888883963,0.4430379746835443,0.26950354609888744,0.4810126582278481
ETTh2,dlinear,96,mean,frozen,3407,hybrid_rankmax,0.12944581220533127,0.8146678649279131,0.29523809523762595,1.0,0.22222222222175447,0.17721518987341772,0.2738095238090256,0.2911392405063291,0.22545454545413599,0.3924050632911392
ETTh2,dlinear,96,max,spike,42,residual,0.9973351048395716,0.9999388859786974,0.9852941176465589,23.307693473231566,0.8070175438591677,1.0,0.6764705882348464,1.0,0.4539473684207016,1.0
ETTh2,dlinear,96,max,spike,42,flatness,0.01340541122022647,0.26617775449624587,0.0402097902097508,0.062209240419867765,0.0,0.0,0.014705882352441284,0.014492753623188406,0.008474576270772659,0.014492753623188406
ETTh2,dlinear,96,max,spike,42,hybrid_rankmax,0.6832297291909246,0.9951785402479483,0.8023952095803534,1.0,0.7999999999995177,0.9855072463768116,0.6764705882348464,1.0,0.4539473684207016,1.0
ETTh2,dlinear,96,max,spike,2024,residual,0.9987917978388494,0.9999738082765846,0.9852941176465589,21.2897490878149,0.8070175438591677,1.0,0.6764705882348464,1.0,0.4539473684207016,1.0
ETTh2,dlinear,96,max,spike,2024,flatness,0.01465912019107898,0.31031517373843204,0.0403390821396857,0.06681036293899574,0.0,0.0,0.0,0.0,0.016877637130388933,0.028985507246376812
ETTh2,dlinear,96,max,spike,2024,hybrid_rankmax,0.69,0.9953313253012048,0.8165680473367949,1.0,0.8070175438591677,1.0,0.6764705882348464,1.0,0.4539473684207016,1.0
ETTh2,dlinear,96,max,spike,3407,residual,0.9979817027394993,0.9999557185114335,0.978102189780522,20.359366389898227,0.8047337278101699,1.0,0.6732673267322266,1.0,0.4503311258274656,1.0
ETTh2,dlinear,96,max,spike,3407,flatness,0.013632511414586298,0.26510441575003985,0.03962703962700078,0.06090496645007533,0.019607843136810462,0.014705882352941176,0.014814814814314844,0.014705882352941176,0.008510638297461078,0.014705882352941176
ETTh2,dlinear,96,max,spike,3407,hybrid_rankmax,0.778848814153307,0.9970884921267514,0.8701298701293769,1.0,0.8047337278101699,1.0,0.6732673267322266,1.0,0.4503311258274656,1.0
ETTh2,dlinear,96,max,level_shift,42,residual,1.0,1.0,0.9999999999995,25.924040139898228,0.8235294117642213,1.0,0.699999999999545,1.0,0.48275862068928893,1.0
ETTh2,dlinear,96,max,level_shift,42,flatness,0.013211956055656834,0.13130528891398455,0.044676530316173316,0.0670750667496457,0.0,0.0,0.02758620689605365,0.025974025974025976,0.016393442622518843,0.025974025974025976
ETTh2,dlinear,96,max,level_shift,42,hybrid_rankmax,0.7129629629629629,0.9953200483091788,0.8324324324319464,1.0,0.8235294117642213,1.0,0.699999999999545,1.0,0.48275862068928893,1.0
ETTh2,dlinear,96,max,level_shift,2024,residual,0.9999999999999998,1.0,0.9999999999995,21.384442056564897,0.8490566037730962,1.0,0.7346938775505556,1.0,0.523255813953102,1.0
ETTh2,dlinear,96,max,level_shift,2024,flatness,0.016673419790945037,0.237230137078576,0.05191808479948793,0.05238151190148825,0.0,0.0,0.0,0.0,0.007843137254445215,0.011111111111111112
ETTh2,dlinear,96,max,level_shift,2024,hybrid_rankmax,0.743801652892562,0.9953016065474387,0.8530805687198899,1.0,0.8490566037730962,1.0,0.7346938775505556,1.0,0.523255813953102,1.0
ETTh2,dlinear,96,max,level_shift,3407,residual,0.9999999999999999,1.0,0.9999999999995,27.12450286906489,0.8272251308895673,1.0,0.7053571428566862,1.0,0.489164086686937,1.0
ETTh2,dlinear,96,max,level_shift,3407,flatness,0.01375213434216871,0.21477303147347893,0.04589021202435249,0.06214649812126269,0.0,0.0,0.0,0.0,0.0,0.0
ETTh2,dlinear,96,max,level_shift,3407,hybrid_rankmax,0.7181818181818181,0.9953172205438067,0.8359788359783493,1.0,0.8272251308895673,1.0,0.7053571428566862,1.0,0.489164086686937,1.0
ETTh2,dlinear,96,max,frozen,42,residual,0.0863327922499498,0.6680939833113747,0.2075471698108582,11.27114540625,0.10344827586162261,0.07792207792207792,0.16666666666616675,0.16883116883116883,0.19402985074585913,0.33766233766233766
ETTh2,dlinear,96,max,frozen,42,flatness,0.20913260062617697,0.8592446201141852,0.35971223021533316,5.2784615825160035,0.3206106870224162,0.2727272727272727,0.33720930232508683,0.37662337662337664,0.2589928057549951,0.4675324675324675
ETTh2,dlinear,96,max,frozen,42,hybrid_rankmax,0.19562225444972808,0.8776938641069076,0.3184079601985323,0.9775075987841946,0.28124999999952066,0.23376623376623376,0.2771084337344424,0.2987012987012987,0.2897526501762823,0.5324675324675324
ETTh2,dlinear,96,max,frozen,2024,residual,0.03833037275451045,0.629002054494628,0.08767123287656145,5.479418500000001,0.0,0.0,0.0,0.0,0.046153846153393484,0.06666666666666667
ETTh2,dlinear,96,max,frozen,2024,flatness,0.32945696790415524,0.8813680913408104,0.4390243902434072,5.494481784772069,0.4258064516124162,0.36666666666666664,0.4343434343429385,0.4777777777777778,0.3717948717944613,0.6444444444444445
ETTh2,dlinear,96,max,frozen,2024,hybrid_rankmax,0.2624003488535184,0.8421525041258294,0.4050632911387503,1.0,0.29370629370582724,0.23333333333333334,0.34224598930431355,0.35555555555555557,0.3010033444811846,0.5
ETTh2,dlinear,96,max,frozen,3407,residual,0.03677705692910394,0.663015794103025,0.0886075949364901,7.499305005208333,0.0,0.0,0.0,0.0,0.0,0.0
ETTh2,dlinear,96,max,frozen,3407,flatness,0.25639864809622404,0.7308195342078091,0.45833333333283804,8.232323889156472,0.4551724137926075,0.4177215189873418,0.3888888888883963,0.4430379746835443,0.26950354609888744,0.4810126582278481
ETTh2,dlinear,96,max,frozen,3407,hybrid_rankmax,0.22682140568852838,0.7604172243680447,0.42758620689605575,1.0,0.38848920863260283,0.34177215189873417,0.35227272727223247,0.3924050632911392,0.2571428571424521,0.45569620253164556
