dataset,model,horizon,aggregation_method,anomaly_type,injection_seed,detector_type,average_precision,roc_auc,oracle_best_f1,event_recall,mean_detection_delay
ETTh1,nlinear,24,first,drift,42,residual,0.8013826661598288,0.946543172075934,0.7853403141356268,1.0,4.0
ETTh1,nlinear,24,first,drift,42,raw_zscore,0.09246943015122691,0.49188303735456224,0.14723926380320673,0.3333333333333333,20.0
ETTh1,nlinear,24,first,drift,42,diff_score,0.031623077855457954,0.5427219840783833,0.07056229327442724,0.3333333333333333,0.0
ETTh1,nlinear,24,first,drift,42,rolling_zscore,0.06983008733382341,0.7919626454378444,0.15462610899851123,0.0,
ETTh1,nlinear,24,first,drift,42,flatness,0.018699638910232214,0.2746264543784446,0.05920663114263053,0.0,
ETTh1,nlinear,24,first,drift,2024,residual,0.8027621330426109,0.9474678641161274,0.7581699346400322,1.0,2.6666666666666665
ETTh1,nlinear,24,first,drift,2024,raw_zscore,0.042523106273804394,0.477719587903517,0.09333333333284613,0.6666666666666666,15.5
ETTh1,nlinear,24,first,drift,2024,diff_score,0.03121098268809183,0.5640036035657073,0.06961178045504426,0.3333333333333333,19.0
ETTh1,nlinear,24,first,drift,2024,rolling_zscore,0.04856225399297611,0.7100076067486232,0.11969532100091672,0.0,
ETTh1,nlinear,24,first,drift,2024,flatness,0.017572108640451382,0.32603506115194913,0.05170876671614576,0.0,
ETTh1,nlinear,24,first,drift,3407,residual,0.7809702653083891,0.941601556697662,0.7515151515146515,1.0,4.5
ETTh1,nlinear,24,first,drift,3407,raw_zscore,0.0176396029810085,0.37091701078399336,0.048472775564356065,1.0,16.5
ETTh1,nlinear,24,first,drift,3407,diff_score,0.03503283175862738,0.62998351207629,0.07579462102671447,0.5,27.0
ETTh1,nlinear,24,first,drift,3407,rolling_zscore,0.046875319284973696,0.7114316271055524,0.10708117443844425,0.0,
ETTh1,nlinear,24,first,drift,3407,flatness,0.01963184395968087,0.430453640711803,0.05141021063900064,0.0,
ETTh1,nlinear,24,first,noise_burst,42,residual,0.83954518034943,0.965981370855367,0.8031496062987163,1.0,0.125
ETTh1,nlinear,24,first,noise_burst,42,raw_zscore,0.2236688560541004,0.6228982869802587,0.27956989247273534,1.0,1.375
ETTh1,nlinear,24,first,noise_burst,42,diff_score,0.7379701763821764,0.9484907227914705,0.7377049180322954,1.0,0.125
ETTh1,nlinear,24,first,noise_burst,42,rolling_zscore,0.15959935498141065,0.7526077725468475,0.2987012987008041,1.0,0.375
ETTh1,nlinear,24,first,noise_burst,42,flatness,0.010991339836835784,0.11079461785637361,0.0403390821396857,0.0,
ETTh1,nlinear,24,first,noise_burst,2024,residual,0.8475728623950141,0.9697208737864077,0.839694656488052,1.0,0.0
ETTh1,nlinear,24,first,noise_burst,2024,raw_zscore,0.2694039381440388,0.6962075242718446,0.32692307692263683,1.0,1.0
ETTh1,nlinear,24,first,noise_burst,2024,diff_score,0.8534812624736169,0.9751777045769764,0.8153846153841182,1.0,0.0
ETTh1,nlinear,24,first,noise_burst,2024,rolling_zscore,0.1341045503884708,0.7250346740638003,0.26086956521691496,1.0,0.25
ETTh1,nlinear,24,first,noise_burst,2024,flatness,0.011075267096981327,0.10332004160887656,0.040887850467249666,0.0,
ETTh1,nlinear,24,first,noise_burst,3407,residual,0.814938063728997,0.9530035194368901,0.7837837837832841,1.0,0.125
ETTh1,nlinear,24,first,noise_burst,3407,raw_zscore,0.3182372884203148,0.6626179811230203,0.37894736842073257,1.0,0.75
ETTh1,nlinear,24,first,noise_burst,3407,diff_score,0.8298168500361387,0.9692169252919534,0.8194444444439459,1.0,0.125
ETTh1,nlinear,24,first,noise_burst,3407,rolling_zscore,0.14010904646350203,0.7091545352743561,0.2753623188400849,1.0,1.0
ETTh1,nlinear,24,first,noise_burst,3407,flatness,0.012075983238049544,0.09978403455447127,0.04436660828950711,0.0,
ETTh1,nlinear,24,first,stuck_with_jitter,42,residual,0.07275349352735806,0.7024911847046234,0.19310344827547207,0.6,8.333333333333334
ETTh1,nlinear,24,first,stuck_with_jitter,42,raw_zscore,0.02657262078481915,0.5503113487303211,0.06763285024142958,0.6,0.6666666666666666
ETTh1,nlinear,24,first,stuck_with_jitter,42,diff_score,0.017531595065227328,0.40015320647731717,0.04844290657434719,0.0,
ETTh1,nlinear,24,first,stuck_with_jitter,42,rolling_zscore,0.01784655707748328,0.4124531594887326,0.045042410061377436,0.0,
ETTh1,nlinear,24,first,stuck_with_jitter,42,flatness,0.08472030534219874,0.7212096204191066,0.2093023255810479,0.0,
ETTh1,nlinear,24,first,stuck_with_jitter,2024,residual,0.09249509677775697,0.7391746933715779,0.17167381974207954,1.0,9.0
ETTh1,nlinear,24,first,stuck_with_jitter,2024,raw_zscore,0.016617505413635117,0.44228237412513066,0.04434589800437694,0.25,1.0
ETTh1,nlinear,24,first,stuck_with_jitter,2024,diff_score,0.0183324208800117,0.4919491659616438,0.04521404521398283,0.0,
ETTh1,nlinear,24,first,stuck_with_jitter,2024,rolling_zscore,0.013558191268541315,0.32841249949102624,0.03936545240889208,0.0,
ETTh1,nlinear,24,first,stuck_with_jitter,2024,flatness,0.049444429002060246,0.77069034940484,0.12765957446772283,0.0,
ETTh1,nlinear,24,first,stuck_with_jitter,3407,residual,0.04603099546871173,0.6610121190882379,0.11333333333294539,0.5,11.0
ETTh1,nlinear,24,first,stuck_with_jitter,3407,raw_zscore,0.02845716304043277,0.5781078510280238,0.07541478129702218,0.75,0.0
ETTh1,nlinear,24,first,stuck_with_jitter,3407,diff_score,0.027203574594906507,0.5494371767569212,0.06616862326558733,0.0,
ETTh1,nlinear,24,first,stuck_with_jitter,3407,rolling_zscore,0.017617715271147465,0.3883769202034867,0.04608019150204839,0.0,
ETTh1,nlinear,24,first,stuck_with_jitter,3407,flatness,0.04098151626675595,0.6959522168265473,0.10295728368001716,0.0,
ETTh1,nlinear,24,mean,drift,42,residual,0.597703906124548,0.8797932502280328,0.5989847715731041,1.0,8.666666666666666
ETTh1,nlinear,24,mean,drift,42,raw_zscore,0.10494572548451586,0.5001109759805412,0.17391304347776146,0.6666666666666666,8.0
ETTh1,nlinear,24,mean,drift,42,diff_score,0.035541587682846223,0.5632137427789601,0.07692307692280778,0.6666666666666666,21.5
ETTh1,nlinear,24,mean,drift,42,rolling_zscore,0.07743548977016365,0.790191547582852,0.16737588652457924,0.0,
ETTh1,nlinear,24,mean,drift,42,flatness,0.01921493793692388,0.2991000304043782,0.0583771161704045,0.0,
ETTh1,nlinear,24,mean,drift,2024,residual,0.504823042096764,0.8857397467226411,0.49999999999950057,1.0,10.666666666666666
ETTh1,nlinear,24,mean,drift,2024,raw_zscore,0.03951437056874978,0.5410653243941324,0.11428571428521431,0.6666666666666666,15.0
ETTh1,nlinear,24,mean,drift,2024,diff_score,0.03291344156674079,0.5619164978383007,0.06930693069273136,0.6666666666666666,17.0
ETTh1,nlinear,24,mean,drift,2024,rolling_zscore,0.05300156856373699,0.7035060604161879,0.12298682284018764,0.0,
ETTh1,nlinear,24,mean,drift,2024,flatness,0.017357572943876454,0.31928402848848136,0.05122166617598777,0.0,
ETTh1,nlinear,24,mean,drift,3407,residual,0.38748319978919243,0.8297587526827792,0.45555555555505955,1.0,16.5
ETTh1,nlinear,24,mean,drift,3407,raw_zscore,0.018254199880738897,0.39214858356627114,0.04865462587535605,1.0,15.5
ETTh1,nlinear,24,mean,drift,3407,diff_score,0.03381375095915642,0.6170576825211858,0.07099799062280308,0.5,24.0
ETTh1,nlinear,24,mean,drift,3407,rolling_zscore,0.056789199933668315,0.7277430727134607,0.13387423935063547,0.0,
ETTh1,nlinear,24,mean,drift,3407,flatness,0.01906297150214693,0.40134747431538426,0.048463356973947984,0.0,
ETTh1,nlinear,24,mean,noise_burst,42,residual,0.565698103711538,0.9128295791863105,0.5781249999995031,1.0,0.375
ETTh1,nlinear,24,mean,noise_burst,42,raw_zscore,0.2542474680504244,0.6411122751877074,0.31325301204791234,1.0,1.5
ETTh1,nlinear,24,mean,noise_burst,42,diff_score,0.7556987128665783,0.9532870612886327,0.7359999999995053,1.0,0.0
ETTh1,nlinear,24,mean,noise_burst,42,rolling_zscore,0.15898285346017454,0.7550331761829928,0.30769230769180833,1.0,0.5
ETTh1,nlinear,24,mean,noise_burst,42,flatness,0.010809558361460008,0.09408940108259123,0.0400929692039119,0.0,
ETTh1,nlinear,24,mean,noise_burst,2024,residual,0.6324488478092689,0.9023931476778719,0.6111111111106551,1.0,0.5
ETTh1,nlinear,24,mean,noise_burst,2024,raw_zscore,0.30225786136921273,0.6936469676752894,0.3908045977008349,1.0,0.875
ETTh1,nlinear,24,mean,noise_burst,2024,diff_score,0.8434660101345249,0.9733783841948953,0.7968749999995043,1.0,0.0
ETTh1,nlinear,24,mean,noise_burst,2024,rolling_zscore,0.13304705404986691,0.7338096672836051,0.26086956521691496,1.0,0.25
ETTh1,nlinear,24,mean,noise_burst,2024,flatness,0.010908577832861798,0.09038867128653208,0.04061502756015748,0.0,
ETTh1,nlinear,24,mean,noise_burst,3407,residual,0.6080043541894795,0.8894625637441022,0.5891472868212213,1.0,0.75
ETTh1,nlinear,24,mean,noise_burst,3407,raw_zscore,0.31833722579230084,0.6550629894991025,0.37894736842073257,0.875,0.42857142857142855
ETTh1,nlinear,24,mean,noise_burst,3407,diff_score,0.8359427591952913,0.9782515449505139,0.8111888111883132,1.0,0.125
ETTh1,nlinear,24,mean,noise_burst,3407,rolling_zscore,0.16171488657397137,0.7067930163470856,0.32835820895473294,1.0,0.625
ETTh1,nlinear,24,mean,noise_burst,3407,flatness,0.01206188777865221,0.10884156512621727,0.04403244495940073,0.0,
ETTh1,nlinear,24,mean,stuck_with_jitter,42,residual,0.02913659423045261,0.5448702867181128,0.08040201004977683,0.2,4.0
ETTh1,nlinear,24,mean,stuck_with_jitter,42,raw_zscore,0.05687463004627506,0.47313978292239167,0.2047244094483415,0.2,0.0
ETTh1,nlinear,24,mean,stuck_with_jitter,42,diff_score,0.01813831918198608,0.4225445448271535,0.048215403882232215,0.0,
ETTh1,nlinear,24,mean,stuck_with_jitter,42,rolling_zscore,0.016135611534707526,0.35782122466905075,0.048334421946391204,0.0,
ETTh1,nlinear,24,mean,stuck_with_jitter,42,flatness,0.07407827912548381,0.7568111236589496,0.17210682492546348,0.0,
ETTh1,nlinear,24,mean,stuck_with_jitter,2024,residual,0.018699923213507115,0.3540062645246035,0.05264714581479584,0.0,
ETTh1,nlinear,24,mean,stuck_with_jitter,2024,raw_zscore,0.033842258844801264,0.5651847361153212,0.09582689335370176,0.6,0.0
ETTh1,nlinear,24,mean,stuck_with_jitter,2024,diff_score,0.022315967845816936,0.44861742615607425,0.05607476635508569,0.0,
ETTh1,nlinear,24,mean,stuck_with_jitter,2024,rolling_zscore,0.02215861592732083,0.446852581590381,0.053027305104798736,0.0,
ETTh1,nlinear,24,mean,stuck_with_jitter,2024,flatness,0.07822592847141793,0.7669394766090736,0.1949685534587137,0.0,
ETTh1,nlinear,24,mean,stuck_with_jitter,3407,residual,0.03001271881574888,0.544361161038663,0.08175182481731419,0.25,15.0
ETTh1,nlinear,24,mean,stuck_with_jitter,3407,raw_zscore,0.0399119028189056,0.651191250143409,0.11144278606950689,0.75,0.0
ETTh1,nlinear,24,mean,stuck_with_jitter,3407,diff_score,0.027133410462756052,0.5428352900684539,0.06418918918895791,0.25,0.0
ETTh1,nlinear,24,mean,stuck_with_jitter,3407,rolling_zscore,0.020060223369908325,0.46026616696623196,0.0485133020343689,0.0,
ETTh1,nlinear,24,mean,stuck_with_jitter,3407,flatness,0.0542107389895156,0.7715667903170295,0.1271676300576375,0.0,
ETTh1,nlinear,24,max,drift,42,residual,0.597703906124548,0.8797932502280328,0.5989847715731041,1.0,17.666666666666668
ETTh1,nlinear,24,max,drift,42,raw_zscore,0.10494572548451586,0.5001109759805412,0.17391304347776146,0.6666666666666666,8.0
ETTh1,nlinear,24,max,drift,42,diff_score,0.035541587682846223,0.5632137427789601,0.07692307692280778,0.6666666666666666,21.5
ETTh1,nlinear,24,max,drift,42,rolling_zscore,0.07743548977016365,0.790191547582852,0.16737588652457924,0.0,
ETTh1,nlinear,24,max,drift,42,flatness,0.01921493793692388,0.2991000304043782,0.0583771161704045,0.0,
ETTh1,nlinear,24,max,drift,2024,residual,0.504823042096764,0.8857397467226411,0.49999999999950057,1.0,18.333333333333332
ETTh1,nlinear,24,max,drift,2024,raw_zscore,0.03951437056874978,0.5410653243941324,0.11428571428521431,0.6666666666666666,15.0
ETTh1,nlinear,24,max,drift,2024,diff_score,0.03291344156674079,0.5619164978383007,0.06930693069273136,0.6666666666666666,17.0
ETTh1,nlinear,24,max,drift,2024,rolling_zscore,0.05300156856373699,0.7035060604161879,0.12298682284018764,0.0,
ETTh1,nlinear,24,max,drift,2024,flatness,0.017357572943876454,0.31928402848848136,0.05122166617598777,0.0,
ETTh1,nlinear,24,max,drift,3407,residual,0.38748319978919243,0.8297587526827792,0.45555555555505955,1.0,26.0
ETTh1,nlinear,24,max,drift,3407,raw_zscore,0.018254199880738897,0.39214858356627114,0.04865462587535605,1.0,15.5
ETTh1,nlinear,24,max,drift,3407,diff_score,0.03381375095915642,0.6170576825211858,0.07099799062280308,0.5,24.0
ETTh1,nlinear,24,max,drift,3407,rolling_zscore,0.056789199933668315,0.7277430727134607,0.13387423935063547,0.0,
ETTh1,nlinear,24,max,drift,3407,flatness,0.01906297150214693,0.40134747431538426,0.048463356973947984,0.0,
ETTh1,nlinear,24,max,noise_burst,42,residual,0.565698103711538,0.9128295791863105,0.5781249999995031,1.0,0.875
ETTh1,nlinear,24,max,noise_burst,42,raw_zscore,0.2542474680504244,0.6411122751877074,0.31325301204791234,1.0,1.5
ETTh1,nlinear,24,max,noise_burst,42,diff_score,0.7556987128665783,0.9532870612886327,0.7359999999995053,1.0,0.0
ETTh1,nlinear,24,max,noise_burst,42,rolling_zscore,0.15898285346017454,0.7550331761829928,0.30769230769180833,1.0,0.5
ETTh1,nlinear,24,max,noise_burst,42,flatness,0.010809558361460008,0.09408940108259123,0.0400929692039119,0.0,
ETTh1,nlinear,24,max,noise_burst,2024,residual,0.6324488478092689,0.9023931476778719,0.6111111111106551,1.0,0.875
ETTh1,nlinear,24,max,noise_burst,2024,raw_zscore,0.30225786136921273,0.6936469676752894,0.3908045977008349,1.0,0.875
ETTh1,nlinear,24,max,noise_burst,2024,diff_score,0.8434660101345249,0.9733783841948953,0.7968749999995043,1.0,0.0
ETTh1,nlinear,24,max,noise_burst,2024,rolling_zscore,0.13304705404986691,0.7338096672836051,0.26086956521691496,1.0,0.25
ETTh1,nlinear,24,max,noise_burst,2024,flatness,0.010908577832861798,0.09038867128653208,0.04061502756015748,0.0,
ETTh1,nlinear,24,max,noise_burst,3407,residual,0.6080043541894795,0.8894625637441022,0.5891472868212213,1.0,1.125
ETTh1,nlinear,24,max,noise_burst,3407,raw_zscore,0.31833722579230084,0.6550629894991025,0.37894736842073257,0.875,0.42857142857142855
ETTh1,nlinear,24,max,noise_burst,3407,diff_score,0.8359427591952913,0.9782515449505139,0.8111888111883132,1.0,0.125
ETTh1,nlinear,24,max,noise_burst,3407,rolling_zscore,0.16171488657397137,0.7067930163470856,0.32835820895473294,1.0,0.625
ETTh1,nlinear,24,max,noise_burst,3407,flatness,0.01206188777865221,0.10884156512621727,0.04403244495940073,0.0,
ETTh1,nlinear,24,max,stuck_with_jitter,42,residual,0.02913659423045261,0.5448702867181128,0.08040201004977683,0.0,
ETTh1,nlinear,24,max,stuck_with_jitter,42,raw_zscore,0.05687463004627506,0.47313978292239167,0.2047244094483415,0.2,0.0
ETTh1,nlinear,24,max,stuck_with_jitter,42,diff_score,0.01813831918198608,0.4225445448271535,0.048215403882232215,0.0,
ETTh1,nlinear,24,max,stuck_with_jitter,42,rolling_zscore,0.016135611534707526,0.35782122466905075,0.048334421946391204,0.0,
ETTh1,nlinear,24,max,stuck_with_jitter,42,flatness,0.07407827912548381,0.7568111236589496,0.17210682492546348,0.0,
ETTh1,nlinear,24,max,stuck_with_jitter,2024,residual,0.018699923213507115,0.3540062645246035,0.05264714581479584,0.0,
ETTh1,nlinear,24,max,stuck_with_jitter,2024,raw_zscore,0.033842258844801264,0.5651847361153212,0.09582689335370176,0.6,0.0
ETTh1,nlinear,24,max,stuck_with_jitter,2024,diff_score,0.022315967845816936,0.44861742615607425,0.05607476635508569,0.0,
ETTh1,nlinear,24,max,stuck_with_jitter,2024,rolling_zscore,0.02215861592732083,0.446852581590381,0.053027305104798736,0.0,
ETTh1,nlinear,24,max,stuck_with_jitter,2024,flatness,0.07822592847141793,0.7669394766090736,0.1949685534587137,0.0,
ETTh1,nlinear,24,max,stuck_with_jitter,3407,residual,0.03001271881574888,0.544361161038663,0.08175182481731419,0.0,
ETTh1,nlinear,24,max,stuck_with_jitter,3407,raw_zscore,0.0399119028189056,0.651191250143409,0.11144278606950689,0.75,0.0
ETTh1,nlinear,24,max,stuck_with_jitter,3407,diff_score,0.027133410462756052,0.5428352900684539,0.06418918918895791,0.25,0.0
ETTh1,nlinear,24,max,stuck_with_jitter,3407,rolling_zscore,0.020060223369908325,0.46026616696623196,0.0485133020343689,0.0,
ETTh1,nlinear,24,max,stuck_with_jitter,3407,flatness,0.0542107389895156,0.7715667903170295,0.1271676300576375,0.0,
ETTh1,nlinear,96,first,drift,42,residual,0.7769018329058772,0.9359815628402989,0.7751937984491126,1.0,3.0
ETTh1,nlinear,96,first,drift,42,raw_zscore,0.018960771561063704,0.49564417408283584,0.047238095238046215,1.0,25.0
ETTh1,nlinear,96,first,drift,42,diff_score,0.0294562546678465,0.5619367466486426,0.07874015748002854,1.0,19.0
ETTh1,nlinear,96,first,drift,42,rolling_zscore,0.03383829994965424,0.6766315572077655,0.07226354941538497,0.5,10.0
ETTh1,nlinear,96,first,drift,42,flatness,0.013360916205852629,0.30248113101272955,0.03990326481253646,0.0,
ETTh1,nlinear,96,first,drift,2024,residual,0.8185083127684055,0.9602844352691132,0.7878787878782894,1.0,3.3333333333333335
ETTh1,nlinear,96,first,drift,2024,raw_zscore,0.041275686534809446,0.5596073961771842,0.11715481171501817,1.0,9.0
ETTh1,nlinear,96,first,drift,2024,diff_score,0.03865452383282434,0.6155805009874233,0.09661835748773466,0.6666666666666666,4.5
ETTh1,nlinear,96,first,drift,2024,rolling_zscore,0.06118503164606361,0.7508324104240365,0.12847965738727712,0.3333333333333333,8.0
ETTh1,nlinear,96,first,drift,2024,flatness,0.016600543095370922,0.2718837026762577,0.05239385727185503,0.0,
ETTh1,nlinear,96,first,drift,3407,residual,0.8019281259097043,0.9574423655195456,0.7631578947363452,1.0,5.5
ETTh1,nlinear,96,first,drift,3407,raw_zscore,0.019132518563354715,0.4011443367858336,0.04880952380947619,1.0,14.0
ETTh1,nlinear,96,first,drift,3407,diff_score,0.03266472444403663,0.5896675576344805,0.07357859531748911,0.5,36.0
ETTh1,nlinear,96,first,drift,3407,rolling_zscore,0.03946245513051985,0.6724782067247821,0.09187279151926014,0.0,
ETTh1,nlinear,96,first,drift,3407,flatness,0.018355454157602185,0.3818151444279076,0.05011539729635359,0.0,
ETTh1,nlinear,96,first,noise_burst,42,residual,0.8463527070965381,0.9660577463206382,0.8115942028980507,1.0,0.125
ETTh1,nlinear,96,first,noise_burst,42,raw_zscore,0.1927472343727127,0.6505965621840242,0.23529411764655894,1.0,1.125
ETTh1,nlinear,96,first,noise_burst,42,diff_score,0.7457960980889099,0.9539692169419167,0.7633587786254556,1.0,0.125
ETTh1,nlinear,96,first,noise_burst,42,rolling_zscore,0.14993925821459708,0.7514661274014155,0.28187919463037525,1.0,0.375
ETTh1,nlinear,96,first,noise_burst,42,flatness,0.010995945781091107,0.06574092798561959,0.04120633024779482,0.0,
ETTh1,nlinear,96,first,noise_burst,2024,residual,0.868530988596751,0.971712158808933,0.8527131782940772,1.0,0.125
ETTh1,nlinear,96,first,noise_burst,2024,raw_zscore,0.25280634341023783,0.6819656150301312,0.30952380952353176,1.0,0.375
ETTh1,nlinear,96,first,noise_burst,2024,diff_score,0.8431988127469033,0.9583259482453031,0.8188976377947809,1.0,0.125
ETTh1,nlinear,96,first,noise_burst,2024,rolling_zscore,0.14451688016585706,0.7302685218007798,0.25599999999950723,1.0,0.625
ETTh1,nlinear,96,first,noise_burst,2024,flatness,0.011215764999167072,0.08339684509039347,0.041766109785161966,0.0,
ETTh1,nlinear,96,first,noise_burst,3407,residual,0.8540020143919059,0.9692927938242126,0.7999999999995001,1.0,0.125
ETTh1,nlinear,96,first,noise_burst,3407,raw_zscore,0.3118257429559036,0.6576248732458866,0.3958333333330034,0.875,0.42857142857142855
ETTh1,nlinear,96,first,noise_burst,3407,diff_score,0.8492088291240215,0.9842211573059435,0.8275862068960528,1.0,0.25
ETTh1,nlinear,96,first,noise_burst,3407,rolling_zscore,0.16577321634593714,0.6865861437309869,0.3255813953483532,1.0,0.875
ETTh1,nlinear,96,first,noise_burst,3407,flatness,0.012122587230909324,0.0764920185796997,0.04541380340599087,0.0,
ETTh1,nlinear,96,first,stuck_with_jitter,42,residual,0.216382079466172,0.6972697802663609,0.3779527559050344,1.0,4.8
ETTh1,nlinear,96,first,stuck_with_jitter,42,raw_zscore,0.018095089170677228,0.3425995825747147,0.04828973843032164,0.2,0.0
ETTh1,nlinear,96,first,stuck_with_jitter,42,diff_score,0.019398975435883613,0.4198636303081438,0.04951768488741151,0.2,0.0
ETTh1,nlinear,96,first,stuck_with_jitter,42,rolling_zscore,0.0238178778765061,0.5261577092475445,0.05747126436773151,0.0,
ETTh1,nlinear,96,first,stuck_with_jitter,42,flatness,0.047375666972289183,0.604253377955585,0.1337579617830693,0.0,
ETTh1,nlinear,96,first,stuck_with_jitter,2024,residual,0.11280226666896545,0.7516569615510917,0.2303664921461414,0.75,4.0
ETTh1,nlinear,96,first,stuck_with_jitter,2024,raw_zscore,0.016033467410944025,0.4034290894458602,0.045265038713443326,0.0,
ETTh1,nlinear,96,first,stuck_with_jitter,2024,diff_score,0.01855693373112721,0.48307424760301376,0.04462072384723374,0.0,
ETTh1,nlinear,96,first,stuck_with_jitter,2024,rolling_zscore,0.014366282743226018,0.35135910161001616,0.04003639672425499,0.0,
ETTh1,nlinear,96,first,stuck_with_jitter,2024,flatness,0.043845087097701935,0.7110157301499938,0.11564625850304946,0.0,
ETTh1,nlinear,96,first,stuck_with_jitter,3407,residual,0.10825326012706094,0.6397228182766699,0.22885572139255772,0.75,3.0
ETTh1,nlinear,96,first,stuck_with_jitter,3407,raw_zscore,0.02114019174135711,0.4743311612890525,0.0536363636362944,0.25,0.0
ETTh1,nlinear,96,first,stuck_with_jitter,3407,diff_score,0.026968426801335627,0.5374529991928658,0.06418918918895791,0.0,
ETTh1,nlinear,96,first,stuck_with_jitter,3407,rolling_zscore,0.018317950142533648,0.3984093548831624,0.04689818937365559,0.0,
ETTh1,nlinear,96,first,stuck_with_jitter,3407,flatness,0.04864927277193767,0.7693249601354412,0.11991434689492009,0.0,
ETTh1,nlinear,96,mean,drift,42,residual,0.4260586429622131,0.8024171480693219,0.46258503401317047,1.0,18.333333333333332
ETTh1,nlinear,96,mean,drift,42,raw_zscore,0.10494572548451586,0.5001109759805412,0.17391304347776146,0.6666666666666666,8.0
ETTh1,nlinear,96,mean,drift,42,diff_score,0.035541587682846223,0.5632137427789601,0.07692307692280778,0.6666666666666666,21.5
ETTh1,nlinear,96,mean,drift,42,rolling_zscore,0.07743548977016365,0.790191547582852,0.16737588652457924,0.0,
ETTh1,nlinear,96,mean,drift,42,flatness,0.01921493793692388,0.2991000304043782,0.0583771161704045,0.0,
ETTh1,nlinear,96,mean,drift,2024,residual,0.33259483199389384,0.800563225352799,0.3999999999995418,1.0,18.666666666666668
ETTh1,nlinear,96,mean,drift,2024,raw_zscore,0.03951437056874978,0.5410653243941324,0.11428571428521431,0.6666666666666666,15.0
ETTh1,nlinear,96,mean,drift,2024,diff_score,0.03291344156674079,0.5619164978383007,0.06930693069273136,0.6666666666666666,17.0
ETTh1,nlinear,96,mean,drift,2024,rolling_zscore,0.05300156856373699,0.7035060604161879,0.12298682284018764,0.0,
ETTh1,nlinear,96,mean,drift,2024,flatness,0.017357572943876454,0.31928402848848136,0.05122166617598777,0.0,
ETTh1,nlinear,96,mean,drift,3407,residual,0.0792482127975081,0.6362372498838383,0.181818181817705,1.0,35.0
ETTh1,nlinear,96,mean,drift,3407,raw_zscore,0.018254199880738897,0.39214858356627114,0.04865462587535605,1.0,15.5
ETTh1,nlinear,96,mean,drift,3407,diff_score,0.03381375095915642,0.6170576825211858,0.07099799062280308,0.5,24.0
ETTh1,nlinear,96,mean,drift,3407,rolling_zscore,0.056789199933668315,0.7277430727134607,0.13387423935063547,0.0,
ETTh1,nlinear,96,mean,drift,3407,flatness,0.01906297150214693,0.40134747431538426,0.048463356973947984,0.0,
ETTh1,nlinear,96,mean,noise_burst,42,residual,0.4064165139242779,0.8327047319713636,0.444444444443949,1.0,1.125
ETTh1,nlinear,96,mean,noise_burst,42,raw_zscore,0.2542474680504244,0.6411122751877074,0.31325301204791234,1.0,1.5
ETTh1,nlinear,96,mean,noise_burst,42,diff_score,0.7556987128665783,0.9532870612886327,0.7359999999995053,1.0,0.0
ETTh1,nlinear,96,mean,noise_burst,42,rolling_zscore,0.15898285346017454,0.7550331761829928,0.30769230769180833,1.0,0.5
ETTh1,nlinear,96,mean,noise_burst,42,flatness,0.010809558361460008,0.09408940108259123,0.0400929692039119,0.0,
ETTh1,nlinear,96,mean,noise_burst,2024,residual,0.553995785856327,0.8754228898549477,0.5669291338577729,1.0,0.625
ETTh1,nlinear,96,mean,noise_burst,2024,raw_zscore,0.30225786136921273,0.6936469676752894,0.3908045977008349,1.0,0.875
ETTh1,nlinear,96,mean,noise_burst,2024,diff_score,0.8434660101345249,0.9733783841948953,0.7968749999995043,1.0,0.0
ETTh1,nlinear,96,mean,noise_burst,2024,rolling_zscore,0.13304705404986691,0.7338096672836051,0.26086956521691496,1.0,0.25
ETTh1,nlinear,96,mean,noise_burst,2024,flatness,0.010908577832861798,0.09038867128653208,0.04061502756015748,0.0,
ETTh1,nlinear,96,mean,noise_burst,3407,residual,0.4950521746812578,0.8281212766295455,0.5343511450376807,0.875,0.7142857142857143
ETTh1,nlinear,96,mean,noise_burst,3407,raw_zscore,0.31833722579230084,0.6550629894991025,0.37894736842073257,0.875,0.42857142857142855
ETTh1,nlinear,96,mean,noise_burst,3407,diff_score,0.8359427591952913,0.9782515449505139,0.8111888111883132,1.0,0.125
ETTh1,nlinear,96,mean,noise_burst,3407,rolling_zscore,0.16171488657397137,0.7067930163470856,0.32835820895473294,1.0,0.625
ETTh1,nlinear,96,mean,noise_burst,3407,flatness,0.01206188777865221,0.10884156512621727,0.04403244495940073,0.0,
ETTh1,nlinear,96,mean,stuck_with_jitter,42,residual,0.028638575458347894,0.3773291925465838,0.11363636363587146,0.2,4.0
ETTh1,nlinear,96,mean,stuck_with_jitter,42,raw_zscore,0.05687463004627506,0.47313978292239167,0.2047244094483415,0.2,0.0
ETTh1,nlinear,96,mean,stuck_with_jitter,42,diff_score,0.01813831918198608,0.4225445448271535,0.048215403882232215,0.0,
ETTh1,nlinear,96,mean,stuck_with_jitter,42,rolling_zscore,0.016135611534707526,0.35782122466905075,0.048334421946391204,0.0,
ETTh1,nlinear,96,mean,stuck_with_jitter,42,flatness,0.07407827912548381,0.7568111236589496,0.17210682492546348,0.0,
ETTh1,nlinear,96,mean,stuck_with_jitter,2024,residual,0.02463312040899215,0.5043009666228824,0.05890736342034571,0.0,
ETTh1,nlinear,96,mean,stuck_with_jitter,2024,raw_zscore,0.033842258844801264,0.5651847361153212,0.09582689335370176,0.6,0.0
ETTh1,nlinear,96,mean,stuck_with_jitter,2024,diff_score,0.022315967845816936,0.44861742615607425,0.05607476635508569,0.0,
ETTh1,nlinear,96,mean,stuck_with_jitter,2024,rolling_zscore,0.02215861592732083,0.446852581590381,0.053027305104798736,0.0,
ETTh1,nlinear,96,mean,stuck_with_jitter,2024,flatness,0.07822592847141793,0.7669394766090736,0.1949685534587137,0.0,
ETTh1,nlinear,96,mean,stuck_with_jitter,3407,residual,0.02517844159882297,0.5436192588626716,0.06074074074063056,0.0,
ETTh1,nlinear,96,mean,stuck_with_jitter,3407,raw_zscore,0.0399119028189056,0.651191250143409,0.11144278606950689,0.75,0.0
ETTh1,nlinear,96,mean,stuck_with_jitter,3407,diff_score,0.027133410462756052,0.5428352900684539,0.06418918918895791,0.25,0.0
ETTh1,nlinear,96,mean,stuck_with_jitter,3407,rolling_zscore,0.020060223369908325,0.46026616696623196,0.0485133020343689,0.0,
ETTh1,nlinear,96,mean,stuck_with_jitter,3407,flatness,0.0542107389895156,0.7715667903170295,0.1271676300576375,0.0,
ETTh1,nlinear,96,max,drift,42,residual,0.4260586429622131,0.8024171480693219,0.46258503401317047,1.0,24.333333333333332
ETTh1,nlinear,96,max,drift,42,raw_zscore,0.10494572548451586,0.5001109759805412,0.17391304347776146,0.6666666666666666,8.0
ETTh1,nlinear,96,max,drift,42,diff_score,0.035541587682846223,0.5632137427789601,0.07692307692280778,0.6666666666666666,21.5
ETTh1,nlinear,96,max,drift,42,rolling_zscore,0.07743548977016365,0.790191547582852,0.16737588652457924,0.0,
ETTh1,nlinear,96,max,drift,42,flatness,0.01921493793692388,0.2991000304043782,0.0583771161704045,0.0,
ETTh1,nlinear,96,max,drift,2024,residual,0.33259483199389384,0.800563225352799,0.3999999999995418,1.0,23.333333333333332
ETTh1,nlinear,96,max,drift,2024,raw_zscore,0.03951437056874978,0.5410653243941324,0.11428571428521431,0.6666666666666666,15.0
ETTh1,nlinear,96,max,drift,2024,diff_score,0.03291344156674079,0.5619164978383007,0.06930693069273136,0.6666666666666666,17.0
ETTh1,nlinear,96,max,drift,2024,rolling_zscore,0.05300156856373699,0.7035060604161879,0.12298682284018764,0.0,
ETTh1,nlinear,96,max,drift,2024,flatness,0.017357572943876454,0.31928402848848136,0.05122166617598777,0.0,
ETTh1,nlinear,96,max,drift,3407,residual,0.0792482127975081,0.6362372498838383,0.181818181817705,0.5,37.0
ETTh1,nlinear,96,max,drift,3407,raw_zscore,0.018254199880738897,0.39214858356627114,0.04865462587535605,1.0,15.5
ETTh1,nlinear,96,max,drift,3407,diff_score,0.03381375095915642,0.6170576825211858,0.07099799062280308,0.5,24.0
ETTh1,nlinear,96,max,drift,3407,rolling_zscore,0.056789199933668315,0.7277430727134607,0.13387423935063547,0.0,
ETTh1,nlinear,96,max,drift,3407,flatness,0.01906297150214693,0.40134747431538426,0.048463356973947984,0.0,
ETTh1,nlinear,96,max,noise_burst,42,residual,0.4064165139242779,0.8327047319713636,0.444444444443949,0.875,2.7142857142857144
ETTh1,nlinear,96,max,noise_burst,42,raw_zscore,0.2542474680504244,0.6411122751877074,0.31325301204791234,1.0,1.5
ETTh1,nlinear,96,max,noise_burst,42,diff_score,0.7556987128665783,0.9532870612886327,0.7359999999995053,1.0,0.0
ETTh1,nlinear,96,max,noise_burst,42,rolling_zscore,0.15898285346017454,0.7550331761829928,0.30769230769180833,1.0,0.5
ETTh1,nlinear,96,max,noise_burst,42,flatness,0.010809558361460008,0.09408940108259123,0.0400929692039119,0.0,
ETTh1,nlinear,96,max,noise_burst,2024,residual,0.553995785856327,0.8754228898549477,0.5669291338577729,1.0,1.5
ETTh1,nlinear,96,max,noise_burst,2024,raw_zscore,0.30225786136921273,0.6936469676752894,0.3908045977008349,1.0,0.875
ETTh1,nlinear,96,max,noise_burst,2024,diff_score,0.8434660101345249,0.9733783841948953,0.7968749999995043,1.0,0.0
ETTh1,nlinear,96,max,noise_burst,2024,rolling_zscore,0.13304705404986691,0.7338096672836051,0.26086956521691496,1.0,0.25
ETTh1,nlinear,96,max,noise_burst,2024,flatness,0.010908577832861798,0.09038867128653208,0.04061502756015748,0.0,
ETTh1,nlinear,96,max,noise_burst,3407,residual,0.4950521746812578,0.8281212766295455,0.5343511450376807,0.875,1.0
ETTh1,nlinear,96,max,noise_burst,3407,raw_zscore,0.31833722579230084,0.6550629894991025,0.37894736842073257,0.875,0.42857142857142855
ETTh1,nlinear,96,max,noise_burst,3407,diff_score,0.8359427591952913,0.9782515449505139,0.8111888111883132,1.0,0.125
ETTh1,nlinear,96,max,noise_burst,3407,rolling_zscore,0.16171488657397137,0.7067930163470856,0.32835820895473294,1.0,0.625
ETTh1,nlinear,96,max,noise_burst,3407,flatness,0.01206188777865221,0.10884156512621727,0.04403244495940073,0.0,
ETTh1,nlinear,96,max,stuck_with_jitter,42,residual,0.028638575458347894,0.3773291925465838,0.11363636363587146,0.0,
ETTh1,nlinear,96,max,stuck_with_jitter,42,raw_zscore,0.05687463004627506,0.47313978292239167,0.2047244094483415,0.2,0.0
ETTh1,nlinear,96,max,stuck_with_jitter,42,diff_score,0.01813831918198608,0.4225445448271535,0.048215403882232215,0.0,
ETTh1,nlinear,96,max,stuck_with_jitter,42,rolling_zscore,0.016135611534707526,0.35782122466905075,0.048334421946391204,0.0,
ETTh1,nlinear,96,max,stuck_with_jitter,42,flatness,0.07407827912548381,0.7568111236589496,0.17210682492546348,0.0,
ETTh1,nlinear,96,max,stuck_with_jitter,2024,residual,0.02463312040899215,0.5043009666228824,0.05890736342034571,0.0,
ETTh1,nlinear,96,max,stuck_with_jitter,2024,raw_zscore,0.033842258844801264,0.5651847361153212,0.09582689335370176,0.6,0.0
ETTh1,nlinear,96,max,stuck_with_jitter,2024,diff_score,0.022315967845816936,0.44861742615607425,0.05607476635508569,0.0,
ETTh1,nlinear,96,max,stuck_with_jitter,2024,rolling_zscore,0.02215861592732083,0.446852581590381,0.053027305104798736,0.0,
ETTh1,nlinear,96,max,stuck_with_jitter,2024,flatness,0.07822592847141793,0.7669394766090736,0.1949685534587137,0.0,
ETTh1,nlinear,96,max,stuck_with_jitter,3407,residual,0.02517844159882297,0.5436192588626716,0.06074074074063056,0.0,
ETTh1,nlinear,96,max,stuck_with_jitter,3407,raw_zscore,0.0399119028189056,0.651191250143409,0.11144278606950689,0.75,0.0
ETTh1,nlinear,96,max,stuck_with_jitter,3407,diff_score,0.027133410462756052,0.5428352900684539,0.06418918918895791,0.25,0.0
ETTh1,nlinear,96,max,stuck_with_jitter,3407,rolling_zscore,0.020060223369908325,0.46026616696623196,0.0485133020343689,0.0,
ETTh1,nlinear,96,max,stuck_with_jitter,3407,flatness,0.0542107389895156,0.7715667903170295,0.1271676300576375,0.0,
ETTh2,nlinear,24,first,drift,42,residual,0.9153335097069594,0.9686374770361299,0.9189189189184221,1.0,3.0
ETTh2,nlinear,24,first,drift,42,raw_zscore,0.1692196996072229,0.5102097366809553,0.24561403508750382,1.0,0.6666666666666666
ETTh2,nlinear,24,first,drift,42,diff_score,0.04817807138900139,0.645127066748316,0.10280373831749402,0.6666666666666666,19.5
ETTh2,nlinear,24,first,drift,42,rolling_zscore,0.06187721717511695,0.6820636864666259,0.15463917525734935,0.3333333333333333,23.0
ETTh2,nlinear,24,first,drift,42,flatness,0.020481673037389868,0.33042253521126763,0.05834305717613939,0.0,
ETTh2,nlinear,24,first,drift,2024,residual,0.934837812404081,0.9788939016310693,0.9259259259254286,1.0,1.6666666666666667
ETTh2,nlinear,24,first,drift,2024,raw_zscore,0.028123787981386185,0.4381329463356154,0.08484848484798634,1.0,9.333333333333334
ETTh2,nlinear,24,first,drift,2024,diff_score,0.03387472525257504,0.6261949080354607,0.0871491875921988,0.3333333333333333,23.0
ETTh2,nlinear,24,first,drift,2024,rolling_zscore,0.0798689558106264,0.8018739943843265,0.19570405727890722,0.0,
ETTh2,nlinear,24,first,drift,2024,flatness,0.020807373627623797,0.3947481885772577,0.05178571428566383,0.0,
ETTh2,nlinear,24,first,drift,3407,residual,0.8929476142786487,0.9639382371290217,0.9171974522288003,1.0,5.0
ETTh2,nlinear,24,first,drift,3407,raw_zscore,0.01729552975301087,0.3582669855322183,0.048699132755116906,1.0,11.0
ETTh2,nlinear,24,first,drift,3407,diff_score,0.04845566764799844,0.7441345325450818,0.11290322580631547,0.0,
ETTh2,nlinear,24,first,drift,3407,rolling_zscore,0.055933238322120965,0.6427022370101898,0.15938303341869042,0.5,0.0
ETTh2,nlinear,24,first,drift,3407,flatness,0.01573987499426484,0.2880187754374499,0.04898446833925926,0.0,
ETTh2,nlinear,24,first,noise_burst,42,residual,0.9521111848691457,0.9952306224806917,0.9402985074621869,1.0,0.125
ETTh2,nlinear,24,first,noise_burst,42,raw_zscore,0.3003729404781953,0.6313073369290483,0.3953488372089851,1.0,0.875
ETTh2,nlinear,24,first,noise_burst,42,diff_score,0.8331201368643397,0.9727024567788899,0.827067669172433,1.0,0.125
ETTh2,nlinear,24,first,noise_burst,42,rolling_zscore,0.17882133811251905,0.7666961181223159,0.28799999999950543,1.0,0.5
ETTh2,nlinear,24,first,noise_burst,42,flatness,0.01110485632422024,0.12309829313429424,0.04036267914590956,0.0,
ETTh2,nlinear,24,first,noise_burst,2024,residual,0.9410913311211475,0.9769460818307905,0.955223880596516,1.0,0.0
ETTh2,nlinear,24,first,noise_burst,2024,raw_zscore,0.29216320514430666,0.6863167475728156,0.372093023255511,1.0,0.25
ETTh2,nlinear,24,first,noise_burst,2024,diff_score,0.8912784273331116,0.9768333911234397,0.8840579710139929,1.0,0.0
ETTh2,nlinear,24,first,noise_burst,2024,rolling_zscore,0.18123398089907003,0.7528952843273231,0.26315789473636814,1.0,0.375
ETTh2,nlinear,24,first,noise_burst,2024,flatness,0.011448233038228142,0.1305391816920943,0.040887850467249666,0.0,
ETTh2,nlinear,24,first,noise_burst,3407,residual,0.9221600732801217,0.9744200927851544,0.9444444444439459,1.0,0.125
ETTh2,nlinear,24,first,noise_burst,3407,raw_zscore,0.30775493547665134,0.6559550471924492,0.3829787234039456,1.0,0.5
ETTh2,nlinear,24,first,noise_burst,3407,diff_score,0.8874068664007039,0.9757438809790433,0.8947368421047631,1.0,0.125
ETTh2,nlinear,24,first,noise_burst,3407,rolling_zscore,0.12406785194691175,0.6821108622620381,0.22377622377572576,1.0,1.25
ETTh2,nlinear,24,first,noise_burst,3407,flatness,0.011947638848028998,0.09315709486482163,0.044353662095083554,0.0,
ETTh2,nlinear,24,first,stuck_with_jitter,42,residual,0.5143639912049366,0.8396425708678673,0.5496183206102023,0.8,2.75
ETTh2,nlinear,24,first,stuck_with_jitter,42,raw_zscore,0.025868559112156703,0.539215724986476,0.07349081364816831,0.6,0.0
ETTh2,nlinear,24,first,stuck_with_jitter,42,diff_score,0.021680701668257245,0.4970168171749199,0.05174129353226462,0.0,
ETTh2,nlinear,24,first,stuck_with_jitter,42,rolling_zscore,0.016991216879926448,0.36924735343707676,0.04556354916062636,0.0,
ETTh2,nlinear,24,first,stuck_with_jitter,42,flatness,0.03787540680667572,0.6901793858315597,0.09045226130630799,0.0,
ETTh2,nlinear,24,first,stuck_with_jitter,2024,residual,0.32210860982760947,0.8259852601195297,0.3697478991591718,1.0,3.0
ETTh2,nlinear,24,first,stuck_with_jitter,2024,raw_zscore,0.015063908952408792,0.3732791031203485,0.03991596638648673,0.5,0.0
ETTh2,nlinear,24,first,stuck_with_jitter,2024,diff_score,0.022701982216791483,0.5598982957295969,0.05790645879718932,0.0,
ETTh2,nlinear,24,first,stuck_with_jitter,2024,rolling_zscore,0.014790118142933123,0.37260499563413607,0.03918076580583813,0.0,
ETTh2,nlinear,24,first,stuck_with_jitter,2024,flatness,0.05560018912771746,0.7997765039609469,0.14084507042230196,0.0,
ETTh2,nlinear,24,first,stuck_with_jitter,3407,residual,0.70410063863445,0.89802174273028,0.7272727272722327,1.0,2.25
ETTh2,nlinear,24,first,stuck_with_jitter,3407,raw_zscore,0.024429381458507392,0.5539543964909714,0.06867469879509008,0.75,0.0
ETTh2,nlinear,24,first,stuck_with_jitter,3407,diff_score,0.04287677140148823,0.6146153046331347,0.10632911392373062,0.5,2.5
ETTh2,nlinear,24,first,stuck_with_jitter,3407,rolling_zscore,0.01993842382059747,0.42870456304660093,0.0466903073285596,0.25,0.0
ETTh2,nlinear,24,first,stuck_with_jitter,3407,flatness,0.03115659635113119,0.6151467422489053,0.08901515151501309,0.0,
ETTh2,nlinear,24,mean,drift,42,residual,0.7149958817924761,0.8955427181514138,0.7529411764701038,1.0,8.666666666666666
ETTh2,nlinear,24,mean,drift,42,raw_zscore,0.0967693696913544,0.5069215567041654,0.1974248927033727,1.0,4.0
ETTh2,nlinear,24,mean,drift,42,diff_score,0.060766153315720633,0.6341973244147158,0.12149532710230587,0.6666666666666666,14.5
ETTh2,nlinear,24,mean,drift,42,rolling_zscore,0.06444016624720815,0.6581514138035877,0.16266173752280402,0.3333333333333333,38.0
ETTh2,nlinear,24,mean,drift,42,flatness,0.020126280964936242,0.3295865004560657,0.057853630315246096,0.0,
ETTh2,nlinear,24,mean,drift,2024,residual,0.69380310443675,0.9160313846710806,0.661870503596654,1.0,5.666666666666667
ETTh2,nlinear,24,mean,drift,2024,raw_zscore,0.023094433538972732,0.44918962384343863,0.05985037406449813,1.0,17.666666666666668
ETTh2,nlinear,24,mean,drift,2024,diff_score,0.03029037257458155,0.584741396715331,0.0811287477952728,0.3333333333333333,16.0
ETTh2,nlinear,24,mean,drift,2024,rolling_zscore,0.10374964737405476,0.8148074660428719,0.25490196078390676,0.0,
ETTh2,nlinear,24,mean,drift,2024,flatness,0.023935142652198434,0.4634634530100183,0.0524286815727353,0.0,
ETTh2,nlinear,24,mean,drift,3407,residual,0.6646020471033823,0.9026418461946941,0.6666666666661732,1.0,10.5
ETTh2,nlinear,24,mean,drift,3407,raw_zscore,0.017609539996906964,0.37485157131583413,0.04906021025799308,1.0,7.0
ETTh2,nlinear,24,mean,drift,3407,diff_score,0.04754693342640233,0.7462994239860754,0.11357586512852523,0.0,
ETTh2,nlinear,24,mean,drift,3407,rolling_zscore,0.04718887436288561,0.6657312279200808,0.12743362831833593,0.5,0.0
ETTh2,nlinear,24,mean,drift,3407,flatness,0.014260629596639407,0.1914600957318917,0.04859259259254518,0.0,
ETTh2,nlinear,24,mean,noise_burst,42,residual,0.7079528988523838,0.9121354985158023,0.7199999999995055,1.0,0.125
ETTh2,nlinear,24,mean,noise_burst,42,raw_zscore,0.3228196932605606,0.6494805308189279,0.4137931034479476,1.0,0.5
ETTh2,nlinear,24,mean,noise_burst,42,diff_score,0.8281040228201488,0.9642264711017986,0.8333333333328343,1.0,0.0
ETTh2,nlinear,24,mean,noise_burst,42,rolling_zscore,0.19030571910840335,0.735262790291601,0.28571428571378643,1.0,1.125
ETTh2,nlinear,24,mean,noise_burst,42,flatness,0.01111424291333489,0.11661210057621792,0.0400929692039119,0.0,
ETTh2,nlinear,24,mean,noise_burst,2024,residual,0.7967262076675675,0.9550165712564025,0.8031496062987178,1.0,0.0
ETTh2,nlinear,24,mean,noise_burst,2024,raw_zscore,0.30355765458547435,0.6724099341453966,0.4090909090905836,1.0,0.375
ETTh2,nlinear,24,mean,noise_burst,2024,diff_score,0.9080972778208355,0.9927129514053287,0.8920863309347518,1.0,0.0
ETTh2,nlinear,24,mean,noise_burst,2024,rolling_zscore,0.1717386268571684,0.7441914518142299,0.2765957446804708,1.0,0.625
ETTh2,nlinear,24,mean,noise_burst,2024,flatness,0.011286875465321694,0.12852838634700642,0.04061502756015748,0.0,
ETTh2,nlinear,24,mean,noise_burst,3407,residual,0.7504356223399812,0.9284874577025117,0.7518796992476304,1.0,0.375
ETTh2,nlinear,24,mean,noise_burst,3407,raw_zscore,0.319209787266329,0.6373536467186681,0.38938053097301095,1.0,1.0
ETTh2,nlinear,24,mean,noise_burst,3407,diff_score,0.8907843741016515,0.9798719557723163,0.8947368421047631,1.0,0.125
ETTh2,nlinear,24,mean,noise_burst,3407,rolling_zscore,0.14030553344306373,0.72899423324384,0.26815642458051697,1.0,1.75
ETTh2,nlinear,24,mean,noise_burst,3407,flatness,0.011952080324343643,0.1005449028547826,0.04414754574494666,0.0,
ETTh2,nlinear,24,mean,stuck_with_jitter,42,residual,0.09505714156876284,0.7298803249890206,0.2133333333328337,0.6,3.6666666666666665
ETTh2,nlinear,24,mean,stuck_with_jitter,42,raw_zscore,0.025758992710537755,0.4293242988895163,0.10619469026503746,0.6,0.0
ETTh2,nlinear,24,mean,stuck_with_jitter,42,diff_score,0.021383388768126933,0.49242424242424243,0.05159332321688543,0.0,
ETTh2,nlinear,24,mean,stuck_with_jitter,42,rolling_zscore,0.01979872416845878,0.4728535353535353,0.04998264491490806,0.0,
ETTh2,nlinear,24,mean,stuck_with_jitter,42,flatness,0.06161613582709974,0.8097394755003452,0.16504854368910227,0.0,
ETTh2,nlinear,24,mean,stuck_with_jitter,2024,residual,0.04235415004344913,0.636037856589539,0.11153846153817532,0.4,8.5
ETTh2,nlinear,24,mean,stuck_with_jitter,2024,raw_zscore,0.0388295757843008,0.5815398605638072,0.12578616352184172,0.6,0.0
ETTh2,nlinear,24,mean,stuck_with_jitter,2024,diff_score,0.027485067001112713,0.5313259910410563,0.06342182890843065,0.0,
ETTh2,nlinear,24,mean,stuck_with_jitter,2024,rolling_zscore,0.02442075962904557,0.47123707520797553,0.052291421856587764,0.0,
ETTh2,nlinear,24,mean,stuck_with_jitter,2024,flatness,0.07724990370607591,0.811212151830521,0.1913043478258229,0.0,
ETTh2,nlinear,24,mean,stuck_with_jitter,3407,residual,0.11011726666553638,0.8118742590538834,0.21262458471722082,0.75,6.0
ETTh2,nlinear,24,mean,stuck_with_jitter,3407,raw_zscore,0.025899532923385583,0.5603694213927874,0.06301824212249205,0.75,0.3333333333333333
ETTh2,nlinear,24,mean,stuck_with_jitter,3407,diff_score,0.046088715074591745,0.6210944969214884,0.11055276381877731,0.5,2.5
ETTh2,nlinear,24,mean,stuck_with_jitter,3407,rolling_zscore,0.018450444534910238,0.40998508547171975,0.047472256473442005,0.0,
ETTh2,nlinear,24,mean,stuck_with_jitter,3407,flatness,0.03347972187137776,0.6359440131553787,0.09855072463754017,0.0,
ETTh2,nlinear,24,max,drift,42,residual,0.7149958817924761,0.8955427181514138,0.7529411764701038,1.0,10.666666666666666
ETTh2,nlinear,24,max,drift,42,raw_zscore,0.0967693696913544,0.5069215567041654,0.1974248927033727,1.0,4.0
ETTh2,nlinear,24,max,drift,42,diff_score,0.060766153315720633,0.6341973244147158,0.12149532710230587,0.6666666666666666,14.5
ETTh2,nlinear,24,max,drift,42,rolling_zscore,0.06444016624720815,0.6581514138035877,0.16266173752280402,0.3333333333333333,38.0
ETTh2,nlinear,24,max,drift,42,flatness,0.020126280964936242,0.3295865004560657,0.057853630315246096,0.0,
ETTh2,nlinear,24,max,drift,2024,residual,0.69380310443675,0.9160313846710806,0.661870503596654,1.0,11.333333333333334
ETTh2,nlinear,24,max,drift,2024,raw_zscore,0.023094433538972732,0.44918962384343863,0.05985037406449813,1.0,17.666666666666668
ETTh2,nlinear,24,max,drift,2024,diff_score,0.03029037257458155,0.584741396715331,0.0811287477952728,0.3333333333333333,16.0
ETTh2,nlinear,24,max,drift,2024,rolling_zscore,0.10374964737405476,0.8148074660428719,0.25490196078390676,0.0,
ETTh2,nlinear,24,max,drift,2024,flatness,0.023935142652198434,0.4634634530100183,0.0524286815727353,0.0,
ETTh2,nlinear,24,max,drift,3407,residual,0.6646020471033823,0.9026418461946941,0.6666666666661732,1.0,14.0
ETTh2,nlinear,24,max,drift,3407,raw_zscore,0.017609539996906964,0.37485157131583413,0.04906021025799308,1.0,7.0
ETTh2,nlinear,24,max,drift,3407,diff_score,0.04754693342640233,0.7462994239860754,0.11357586512852523,0.0,
ETTh2,nlinear,24,max,drift,3407,rolling_zscore,0.04718887436288561,0.6657312279200808,0.12743362831833593,0.5,0.0
ETTh2,nlinear,24,max,drift,3407,flatness,0.014260629596639407,0.1914600957318917,0.04859259259254518,0.0,
ETTh2,nlinear,24,max,noise_burst,42,residual,0.7079528988523838,0.9121354985158023,0.7199999999995055,1.0,0.5
ETTh2,nlinear,24,max,noise_burst,42,raw_zscore,0.3228196932605606,0.6494805308189279,0.4137931034479476,1.0,0.5
ETTh2,nlinear,24,max,noise_burst,42,diff_score,0.8281040228201488,0.9642264711017986,0.8333333333328343,1.0,0.0
ETTh2,nlinear,24,max,noise_burst,42,rolling_zscore,0.19030571910840335,0.735262790291601,0.28571428571378643,1.0,1.125
ETTh2,nlinear,24,max,noise_burst,42,flatness,0.01111424291333489,0.11661210057621792,0.0400929692039119,0.0,
ETTh2,nlinear,24,max,noise_burst,2024,residual,0.7967262076675675,0.9550165712564025,0.8031496062987178,1.0,0.375
ETTh2,nlinear,24,max,noise_burst,2024,raw_zscore,0.30355765458547435,0.6724099341453966,0.4090909090905836,1.0,0.375
ETTh2,nlinear,24,max,noise_burst,2024,diff_score,0.9080972778208355,0.9927129514053287,0.8920863309347518,1.0,0.0
ETTh2,nlinear,24,max,noise_burst,2024,rolling_zscore,0.1717386268571684,0.7441914518142299,0.2765957446804708,1.0,0.625
ETTh2,nlinear,24,max,noise_burst,2024,flatness,0.011286875465321694,0.12852838634700642,0.04061502756015748,0.0,
ETTh2,nlinear,24,max,noise_burst,3407,residual,0.7504356223399812,0.9284874577025117,0.7518796992476304,1.0,0.75
ETTh2,nlinear,24,max,noise_burst,3407,raw_zscore,0.319209787266329,0.6373536467186681,0.38938053097301095,1.0,1.0
ETTh2,nlinear,24,max,noise_burst,3407,diff_score,0.8907843741016515,0.9798719557723163,0.8947368421047631,1.0,0.125
ETTh2,nlinear,24,max,noise_burst,3407,rolling_zscore,0.14030553344306373,0.72899423324384,0.26815642458051697,1.0,1.75
ETTh2,nlinear,24,max,noise_burst,3407,flatness,0.011952080324343643,0.1005449028547826,0.04414754574494666,0.0,
ETTh2,nlinear,24,max,stuck_with_jitter,42,residual,0.09505714156876284,0.7298803249890206,0.2133333333328337,0.4,8.0
ETTh2,nlinear,24,max,stuck_with_jitter,42,raw_zscore,0.025758992710537755,0.4293242988895163,0.10619469026503746,0.6,0.0
ETTh2,nlinear,24,max,stuck_with_jitter,42,diff_score,0.021383388768126933,0.49242424242424243,0.05159332321688543,0.0,
ETTh2,nlinear,24,max,stuck_with_jitter,42,rolling_zscore,0.01979872416845878,0.4728535353535353,0.04998264491490806,0.0,
ETTh2,nlinear,24,max,stuck_with_jitter,42,flatness,0.06161613582709974,0.8097394755003452,0.16504854368910227,0.0,
ETTh2,nlinear,24,max,stuck_with_jitter,2024,residual,0.04235415004344913,0.636037856589539,0.11153846153817532,0.0,
ETTh2,nlinear,24,max,stuck_with_jitter,2024,raw_zscore,0.0388295757843008,0.5815398605638072,0.12578616352184172,0.6,0.0
ETTh2,nlinear,24,max,stuck_with_jitter,2024,diff_score,0.027485067001112713,0.5313259910410563,0.06342182890843065,0.0,
ETTh2,nlinear,24,max,stuck_with_jitter,2024,rolling_zscore,0.02442075962904557,0.47123707520797553,0.052291421856587764,0.0,
ETTh2,nlinear,24,max,stuck_with_jitter,2024,flatness,0.07724990370607591,0.811212151830521,0.1913043478258229,0.0,
ETTh2,nlinear,24,max,stuck_with_jitter,3407,residual,0.11011726666553638,0.8118742590538834,0.21262458471722082,0.5,13.5
ETTh2,nlinear,24,max,stuck_with_jitter,3407,raw_zscore,0.025899532923385583,0.5603694213927874,0.06301824212249205,0.75,0.3333333333333333
ETTh2,nlinear,24,max,stuck_with_jitter,3407,diff_score,0.046088715074591745,0.6210944969214884,0.11055276381877731,0.5,2.5
ETTh2,nlinear,24,max,stuck_with_jitter,3407,rolling_zscore,0.018450444534910238,0.40998508547171975,0.047472256473442005,0.0,
ETTh2,nlinear,24,max,stuck_with_jitter,3407,flatness,0.03347972187137776,0.6359440131553787,0.09855072463754017,0.0,
ETTh2,dlinear,96,first,drift,42,residual,0.8373488259965126,0.9665943824865757,0.8521739130429892,1.0,4.0
ETTh2,dlinear,96,first,drift,42,raw_zscore,0.013980197543840691,0.34131275581089704,0.03966346153842266,1.0,11.5
ETTh2,dlinear,96,first,drift,42,diff_score,0.029095885983546087,0.6649557846119185,0.07749077490763472,0.0,
ETTh2,dlinear,96,first,drift,42,rolling_zscore,0.06669687025355264,0.7333746385790996,0.1714285714281778,0.5,9.0
ETTh2,dlinear,96,first,drift,42,flatness,0.020020826554336672,0.43204348315872476,0.05929919137437058,0.0,
ETTh2,dlinear,96,first,drift,2024,residual,0.89580394469278,0.974563544545158,0.8957055214718949,1.0,3.0
ETTh2,dlinear,96,first,drift,2024,raw_zscore,0.02547795339641852,0.4781279456935081,0.0564635958392994,1.0,8.0
ETTh2,dlinear,96,first,drift,2024,diff_score,0.04143335713805663,0.6634122913597771,0.09131736526933931,0.0,
ETTh2,dlinear,96,first,drift,2024,rolling_zscore,0.08545576353139227,0.7992430351709087,0.20039292730816452,0.3333333333333333,0.0
ETTh2,dlinear,96,first,drift,2024,flatness,0.01792864561173832,0.3290037238942113,0.05203349282291582,0.0,
ETTh2,dlinear,96,first,drift,3407,residual,0.8725591708709547,0.9606050481426359,0.8589743589738601,1.0,5.0
ETTh2,dlinear,96,first,drift,3407,raw_zscore,0.01877433969268736,0.38950164019074807,0.050582362728732275,1.0,13.5
ETTh2,dlinear,96,first,drift,3407,diff_score,0.0430931282764845,0.7115257570695259,0.10468319559214724,0.0,
ETTh2,dlinear,96,first,drift,3407,rolling_zscore,0.05343340262225101,0.6227599246727213,0.14958448753427497,0.0,
ETTh2,dlinear,96,first,drift,3407,flatness,0.01924901932639529,0.38480887221699117,0.04968191457129357,0.0,
ETTh2,dlinear,96,first,noise_burst,42,residual,0.9192745096394708,0.9854937647455342,0.9047619047614092,1.0,0.125
ETTh2,dlinear,96,first,noise_burst,42,raw_zscore,0.27424698565407946,0.6546545331985171,0.33333333333297555,1.0,1.125
ETTh2,dlinear,96,first,noise_burst,42,diff_score,0.8123140615419374,0.9639680934726436,0.8153846153841172,1.0,0.125
ETTh2,dlinear,96,first,noise_burst,42,rolling_zscore,0.1770687047669116,0.759698910234805,0.2699999999995481,1.0,0.625
ETTh2,dlinear,96,first,noise_burst,42,flatness,0.011782500809824117,0.11041456016177958,0.041218637992791164,0.0,
ETTh2,dlinear,96,first,noise_burst,2024,residual,0.9401524840505459,0.9790987238567884,0.9393939393934412,1.0,0.0
ETTh2,dlinear,96,first,noise_burst,2024,raw_zscore,0.27885595400006974,0.6796880538816022,0.372093023255511,1.0,0.125
ETTh2,dlinear,96,first,noise_burst,2024,diff_score,0.9015322204516769,0.9767059553349876,0.8920863309347518,1.0,0.0
ETTh2,dlinear,96,first,noise_burst,2024,rolling_zscore,0.18333782425143685,0.7609890109890111,0.2828282828278686,1.0,0.25
ETTh2,dlinear,96,first,noise_burst,2024,flatness,0.011519035493803382,0.12041829138603331,0.041766109785161966,0.0,
ETTh2,dlinear,96,first,noise_burst,3407,residual,0.9077133475378091,0.9652734617775015,0.9166666666661683,1.0,0.125
ETTh2,dlinear,96,first,noise_burst,3407,raw_zscore,0.3310772309989863,0.6560547577769782,0.42424242424206754,1.0,0.5
ETTh2,dlinear,96,first,noise_burst,3407,diff_score,0.8700652664040146,0.9761988485819895,0.8947368421047631,1.0,0.125
ETTh2,dlinear,96,first,noise_burst,3407,rolling_zscore,0.15930206149755116,0.6731788296097609,0.27737226277322863,0.875,0.5714285714285714
ETTh2,dlinear,96,first,noise_burst,3407,flatness,0.012170776985878684,0.0758030486408688,0.04537313432831386,0.0,
ETTh2,dlinear,96,first,stuck_with_jitter,42,residual,0.4217984965246272,0.8385807540299304,0.4615384615379786,1.0,2.6
ETTh2,dlinear,96,first,stuck_with_jitter,42,raw_zscore,0.021745179233941144,0.4924366898255614,0.05827937095275277,0.8,3.0
ETTh2,dlinear,96,first,stuck_with_jitter,42,diff_score,0.02305988868032912,0.5052581860166566,0.055130168453181534,0.2,0.0
ETTh2,dlinear,96,first,stuck_with_jitter,42,rolling_zscore,0.02094318993471243,0.41489812643061014,0.046801872074836104,0.2,0.0
ETTh2,dlinear,96,first,stuck_with_jitter,42,flatness,0.06603013596786178,0.7854902324905433,0.1686746987949193,0.2,0.0
ETTh2,dlinear,96,first,stuck_with_jitter,2024,residual,0.437344722123887,0.8492430934882452,0.4952380952376333,1.0,7.0
ETTh2,dlinear,96,first,stuck_with_jitter,2024,raw_zscore,0.016977951030607848,0.41817408155997204,0.044965786901148365,0.5,0.0
ETTh2,dlinear,96,first,stuck_with_jitter,2024,diff_score,0.023424578884415438,0.5658691358824101,0.05895691609963286,0.0,
ETTh2,dlinear,96,first,stuck_with_jitter,2024,rolling_zscore,0.016945263257482607,0.45191920780356043,0.045758535726810684,0.0,
ETTh2,dlinear,96,first,stuck_with_jitter,2024,flatness,0.04178190114204576,0.7406074677742369,0.10555555555538676,0.0,
ETTh2,dlinear,96,first,stuck_with_jitter,3407,residual,0.4638304768912707,0.8185719629111955,0.5333333333328835,0.75,2.3333333333333335
ETTh2,dlinear,96,first,stuck_with_jitter,3407,raw_zscore,0.021984340938120753,0.48210327381538276,0.06615475487291753,0.75,0.0
ETTh2,dlinear,96,first,stuck_with_jitter,3407,diff_score,0.047546360545407854,0.620457901057149,0.11825192802024186,0.5,2.5
ETTh2,dlinear,96,first,stuck_with_jitter,3407,rolling_zscore,0.021813624207839534,0.44445144398291236,0.04809494066203807,0.5,1.5
ETTh2,dlinear,96,first,stuck_with_jitter,3407,flatness,0.039075224441918195,0.6930054924503416,0.1057367829019753,0.0,
ETTh2,dlinear,96,mean,drift,42,residual,0.6208833371089375,0.8693189419276377,0.6344086021500404,1.0,10.666666666666666
ETTh2,dlinear,96,mean,drift,42,raw_zscore,0.0967693696913544,0.5069215567041654,0.1974248927033727,1.0,4.0
ETTh2,dlinear,96,mean,drift,42,diff_score,0.060766153315720633,0.6341973244147158,0.12149532710230587,0.6666666666666666,14.5
ETTh2,dlinear,96,mean,drift,42,rolling_zscore,0.06444016624720815,0.6581514138035877,0.16266173752280402,0.3333333333333333,38.0
ETTh2,dlinear,96,mean,drift,42,flatness,0.020126280964936242,0.3295865004560657,0.057853630315246096,0.0,
ETTh2,dlinear,96,mean,drift,2024,residual,0.6031368272206236,0.899312154946149,0.5906040268451517,1.0,7.666666666666667
ETTh2,dlinear,96,mean,drift,2024,raw_zscore,0.023094433538972732,0.44918962384343863,0.05985037406449813,1.0,17.666666666666668
ETTh2,dlinear,96,mean,drift,2024,diff_score,0.03029037257458155,0.584741396715331,0.0811287477952728,0.3333333333333333,16.0
ETTh2,dlinear,96,mean,drift,2024,rolling_zscore,0.10374964737405476,0.8148074660428719,0.25490196078390676,0.0,
ETTh2,dlinear,96,mean,drift,2024,flatness,0.023935142652198434,0.4634634530100183,0.0524286815727353,0.0,
ETTh2,dlinear,96,mean,drift,3407,residual,0.46456094962755384,0.8488166269627617,0.4942528735627201,1.0,14.0
ETTh2,dlinear,96,mean,drift,3407,raw_zscore,0.017609539996906964,0.37485157131583413,0.04906021025799308,1.0,7.0
ETTh2,dlinear,96,mean,drift,3407,diff_score,0.04754693342640233,0.7462994239860754,0.11357586512852523,0.0,
ETTh2,dlinear,96,mean,drift,3407,rolling_zscore,0.04718887436288561,0.6657312279200808,0.12743362831833593,0.5,0.0
ETTh2,dlinear,96,mean,drift,3407,flatness,0.014260629596639407,0.1914600957318917,0.04859259259254518,0.0,
ETTh2,dlinear,96,mean,noise_burst,42,residual,0.5948795924626589,0.8672210581456259,0.6379310344822766,1.0,0.5
ETTh2,dlinear,96,mean,noise_burst,42,raw_zscore,0.3228196932605606,0.6494805308189279,0.4137931034479476,1.0,0.5
ETTh2,dlinear,96,mean,noise_burst,42,diff_score,0.8281040228201488,0.9642264711017986,0.8333333333328343,1.0,0.0
ETTh2,dlinear,96,mean,noise_burst,42,rolling_zscore,0.19030571910840335,0.735262790291601,0.28571428571378643,1.0,1.125
ETTh2,dlinear,96,mean,noise_burst,42,flatness,0.01111424291333489,0.11661210057621792,0.0400929692039119,0.0,
ETTh2,dlinear,96,mean,noise_burst,2024,residual,0.7414964341717484,0.9138079455946283,0.7401574803144658,1.0,0.0
ETTh2,dlinear,96,mean,noise_burst,2024,raw_zscore,0.30355765458547435,0.6724099341453966,0.4090909090905836,1.0,0.375
ETTh2,dlinear,96,mean,noise_burst,2024,diff_score,0.9080972778208355,0.9927129514053287,0.8920863309347518,1.0,0.0
ETTh2,dlinear,96,mean,noise_burst,2024,rolling_zscore,0.1717386268571684,0.7441914518142299,0.2765957446804708,1.0,0.625
ETTh2,dlinear,96,mean,noise_burst,2024,flatness,0.011286875465321694,0.12852838634700642,0.04061502756015748,0.0,
ETTh2,dlinear,96,mean,noise_burst,3407,residual,0.6553462181575439,0.9082799815717986,0.6666666666661945,1.0,0.75
ETTh2,dlinear,96,mean,noise_burst,3407,raw_zscore,0.319209787266329,0.6373536467186681,0.38938053097301095,1.0,1.0
ETTh2,dlinear,96,mean,noise_burst,3407,diff_score,0.8907843741016515,0.9798719557723163,0.8947368421047631,1.0,0.125
ETTh2,dlinear,96,mean,noise_burst,3407,rolling_zscore,0.14030553344306373,0.72899423324384,0.26815642458051697,1.0,1.75
ETTh2,dlinear,96,mean,noise_burst,3407,flatness,0.011952080324343643,0.1005449028547826,0.04414754574494666,0.0,
ETTh2,dlinear,96,mean,stuck_with_jitter,42,residual,0.0843743709073608,0.6759128552606813,0.20100502512515372,0.6,4.333333333333333
ETTh2,dlinear,96,mean,stuck_with_jitter,42,raw_zscore,0.025758992710537755,0.4293242988895163,0.10619469026503746,0.6,0.0
ETTh2,dlinear,96,mean,stuck_with_jitter,42,diff_score,0.021383388768126933,0.49242424242424243,0.05159332321688543,0.0,
ETTh2,dlinear,96,mean,stuck_with_jitter,42,rolling_zscore,0.01979872416845878,0.4728535353535353,0.04998264491490806,0.0,
ETTh2,dlinear,96,mean,stuck_with_jitter,42,flatness,0.06161613582709974,0.8097394755003452,0.16504854368910227,0.0,
ETTh2,dlinear,96,mean,stuck_with_jitter,2024,residual,0.03873231151399814,0.6298238523458288,0.08724832214746994,0.2,8.0
ETTh2,dlinear,96,mean,stuck_with_jitter,2024,raw_zscore,0.0388295757843008,0.5815398605638072,0.12578616352184172,0.6,0.0
ETTh2,dlinear,96,mean,stuck_with_jitter,2024,diff_score,0.027485067001112713,0.5313259910410563,0.06342182890843065,0.0,
ETTh2,dlinear,96,mean,stuck_with_jitter,2024,rolling_zscore,0.02442075962904557,0.47123707520797553,0.052291421856587764,0.0,
ETTh2,dlinear,96,mean,stuck_with_jitter,2024,flatness,0.07724990370607591,0.811212151830521,0.1913043478258229,0.0,
ETTh2,dlinear,96,mean,stuck_with_jitter,3407,residual,0.035125674527307374,0.646177674098436,0.08128342245973834,0.75,13.666666666666666
ETTh2,dlinear,96,mean,stuck_with_jitter,3407,raw_zscore,0.025899532923385583,0.5603694213927874,0.06301824212249205,0.75,0.3333333333333333
ETTh2,dlinear,96,mean,stuck_with_jitter,3407,diff_score,0.046088715074591745,0.6210944969214884,0.11055276381877731,0.5,2.5
ETTh2,dlinear,96,mean,stuck_with_jitter,3407,rolling_zscore,0.018450444534910238,0.40998508547171975,0.047472256473442005,0.0,
ETTh2,dlinear,96,mean,stuck_with_jitter,3407,flatness,0.03347972187137776,0.6359440131553787,0.09855072463754017,0.0,
ETTh2,dlinear,96,max,drift,42,residual,0.6208833371089375,0.8693189419276377,0.6344086021500404,1.0,14.333333333333334
ETTh2,dlinear,96,max,drift,42,raw_zscore,0.0967693696913544,0.5069215567041654,0.1974248927033727,1.0,4.0
ETTh2,dlinear,96,max,drift,42,diff_score,0.060766153315720633,0.6341973244147158,0.12149532710230587,0.6666666666666666,14.5
ETTh2,dlinear,96,max,drift,42,rolling_zscore,0.06444016624720815,0.6581514138035877,0.16266173752280402,0.3333333333333333,38.0
ETTh2,dlinear,96,max,drift,42,flatness,0.020126280964936242,0.3295865004560657,0.057853630315246096,0.0,
ETTh2,dlinear,96,max,drift,2024,residual,0.6031368272206236,0.899312154946149,0.5906040268451517,1.0,14.333333333333334
ETTh2,dlinear,96,max,drift,2024,raw_zscore,0.023094433538972732,0.44918962384343863,0.05985037406449813,1.0,17.666666666666668
ETTh2,dlinear,96,max,drift,2024,diff_score,0.03029037257458155,0.584741396715331,0.0811287477952728,0.3333333333333333,16.0
ETTh2,dlinear,96,max,drift,2024,rolling_zscore,0.10374964737405476,0.8148074660428719,0.25490196078390676,0.0,
ETTh2,dlinear,96,max,drift,2024,flatness,0.023935142652198434,0.4634634530100183,0.0524286815727353,0.0,
ETTh2,dlinear,96,max,drift,3407,residual,0.46456094962755384,0.8488166269627617,0.4942528735627201,1.0,22.5
ETTh2,dlinear,96,max,drift,3407,raw_zscore,0.017609539996906964,0.37485157131583413,0.04906021025799308,1.0,7.0
ETTh2,dlinear,96,max,drift,3407,diff_score,0.04754693342640233,0.7462994239860754,0.11357586512852523,0.0,
ETTh2,dlinear,96,max,drift,3407,rolling_zscore,0.04718887436288561,0.6657312279200808,0.12743362831833593,0.5,0.0
ETTh2,dlinear,96,max,drift,3407,flatness,0.014260629596639407,0.1914600957318917,0.04859259259254518,0.0,
ETTh2,dlinear,96,max,noise_burst,42,residual,0.5948795924626589,0.8672210581456259,0.6379310344822766,1.0,0.75
ETTh2,dlinear,96,max,noise_burst,42,raw_zscore,0.3228196932605606,0.6494805308189279,0.4137931034479476,1.0,0.5
ETTh2,dlinear,96,max,noise_burst,42,diff_score,0.8281040228201488,0.9642264711017986,0.8333333333328343,1.0,0.0
ETTh2,dlinear,96,max,noise_burst,42,rolling_zscore,0.19030571910840335,0.735262790291601,0.28571428571378643,1.0,1.125
ETTh2,dlinear,96,max,noise_burst,42,flatness,0.01111424291333489,0.11661210057621792,0.0400929692039119,0.0,
ETTh2,dlinear,96,max,noise_burst,2024,residual,0.7414964341717484,0.9138079455946283,0.7401574803144658,1.0,0.375
ETTh2,dlinear,96,max,noise_burst,2024,raw_zscore,0.30355765458547435,0.6724099341453966,0.4090909090905836,1.0,0.375
ETTh2,dlinear,96,max,noise_burst,2024,diff_score,0.9080972778208355,0.9927129514053287,0.8920863309347518,1.0,0.0
ETTh2,dlinear,96,max,noise_burst,2024,rolling_zscore,0.1717386268571684,0.7441914518142299,0.2765957446804708,1.0,0.625
ETTh2,dlinear,96,max,noise_burst,2024,flatness,0.011286875465321694,0.12852838634700642,0.04061502756015748,0.0,
ETTh2,dlinear,96,max,noise_burst,3407,residual,0.6553462181575439,0.9082799815717986,0.6666666666661945,1.0,1.0
ETTh2,dlinear,96,max,noise_burst,3407,raw_zscore,0.319209787266329,0.6373536467186681,0.38938053097301095,1.0,1.0
ETTh2,dlinear,96,max,noise_burst,3407,diff_score,0.8907843741016515,0.9798719557723163,0.8947368421047631,1.0,0.125
ETTh2,dlinear,96,max,noise_burst,3407,rolling_zscore,0.14030553344306373,0.72899423324384,0.26815642458051697,1.0,1.75
ETTh2,dlinear,96,max,noise_burst,3407,flatness,0.011952080324343643,0.1005449028547826,0.04414754574494666,0.0,
ETTh2,dlinear,96,max,stuck_with_jitter,42,residual,0.0843743709073608,0.6759128552606813,0.20100502512515372,0.2,8.0
ETTh2,dlinear,96,max,stuck_with_jitter,42,raw_zscore,0.025758992710537755,0.4293242988895163,0.10619469026503746,0.6,0.0
ETTh2,dlinear,96,max,stuck_with_jitter,42,diff_score,0.021383388768126933,0.49242424242424243,0.05159332321688543,0.0,
ETTh2,dlinear,96,max,stuck_with_jitter,42,rolling_zscore,0.01979872416845878,0.4728535353535353,0.04998264491490806,0.0,
ETTh2,dlinear,96,max,stuck_with_jitter,42,flatness,0.06161613582709974,0.8097394755003452,0.16504854368910227,0.0,
ETTh2,dlinear,96,max,stuck_with_jitter,2024,residual,0.03873231151399814,0.6298238523458288,0.08724832214746994,0.0,
ETTh2,dlinear,96,max,stuck_with_jitter,2024,raw_zscore,0.0388295757843008,0.5815398605638072,0.12578616352184172,0.6,0.0
ETTh2,dlinear,96,max,stuck_with_jitter,2024,diff_score,0.027485067001112713,0.5313259910410563,0.06342182890843065,0.0,
ETTh2,dlinear,96,max,stuck_with_jitter,2024,rolling_zscore,0.02442075962904557,0.47123707520797553,0.052291421856587764,0.0,
ETTh2,dlinear,96,max,stuck_with_jitter,2024,flatness,0.07724990370607591,0.811212151830521,0.1913043478258229,0.0,
ETTh2,dlinear,96,max,stuck_with_jitter,3407,residual,0.035125674527307374,0.646177674098436,0.08128342245973834,0.0,
ETTh2,dlinear,96,max,stuck_with_jitter,3407,raw_zscore,0.025899532923385583,0.5603694213927874,0.06301824212249205,0.75,0.3333333333333333
ETTh2,dlinear,96,max,stuck_with_jitter,3407,diff_score,0.046088715074591745,0.6210944969214884,0.11055276381877731,0.5,2.5
ETTh2,dlinear,96,max,stuck_with_jitter,3407,rolling_zscore,0.018450444534910238,0.40998508547171975,0.047472256473442005,0.0,
ETTh2,dlinear,96,max,stuck_with_jitter,3407,flatness,0.03347972187137776,0.6359440131553787,0.09855072463754017,0.0,
