dataset,model,input_type,horizon,seed,aggregation_method,anomaly_type,anomaly_ratio,magnitude_scale,threshold_method,threshold_value,tp,fp,tn,fn,precision,recall,f1,false_positive_rate,true_negative_rate,num_points,num_true_anomaly,num_predicted_anomaly,validation_score_mean,validation_score_std,test_score_mean,test_score_std
ETTh1,nlinear,multivariate,24,42,first,spike,0.02,3.0,percentile,1.7860218639999996,67,71,3228,0,0.4855072463768116,1.0,0.6536585365853659,0.021521673234313428,0.9784783267656866,3366,67,138,0.4890213264963008,0.40232394982283626,0.5383472900150623,0.5046458921015422
ETTh1,nlinear,multivariate,24,42,first,spike,0.02,3.0,mean_std,1.6956210557618947,67,84,3215,0,0.44370860927152317,1.0,0.6146788990825688,0.025462261291300393,0.9745377387086996,3366,67,151,0.4890213264963008,0.40232394982283626,0.5383472900150623,0.5046458921015422
ETTh1,nlinear,multivariate,24,42,first,spike,0.02,3.0,iqr,1.4185841175,67,144,3155,0,0.3175355450236967,1.0,0.48201438848920863,0.04364959078508639,0.9563504092149137,3366,67,211,0.4890213264963008,0.40232394982283626,0.5383472900150623,0.5046458921015422
ETTh1,nlinear,multivariate,24,42,first,spike,0.02,3.0,mad,1.5722129060285002,67,103,3196,0,0.3941176470588235,1.0,0.5654008438818565,0.03122158229766596,0.9687784177023341,3366,67,170,0.4890213264963008,0.40232394982283626,0.5383472900150623,0.5046458921015422
ETTh1,nlinear,multivariate,24,42,first,level_shift,0.02,3.0,percentile,1.7860218639999996,77,80,3209,0,0.49044585987261147,1.0,0.6581196581196581,0.024323502584372148,0.9756764974156279,3366,77,157,0.4890213264963008,0.40232394982283626,0.5383472900150623,0.5046458921015422
ETTh1,nlinear,multivariate,24,42,first,level_shift,0.02,3.0,mean_std,1.6956210557618947,77,93,3196,0,0.45294117647058824,1.0,0.6234817813765182,0.028276071754332624,0.9717239282456673,3366,77,170,0.4890213264963008,0.40232394982283626,0.5383472900150623,0.5046458921015422
ETTh1,nlinear,multivariate,24,42,first,level_shift,0.02,3.0,iqr,1.4185841175,77,156,3133,0,0.33047210300429186,1.0,0.4967741935483871,0.04743083003952569,0.9525691699604744,3366,77,233,0.4890213264963008,0.40232394982283626,0.5383472900150623,0.5046458921015422
ETTh1,nlinear,multivariate,24,42,first,level_shift,0.02,3.0,mad,1.5722129060285002,77,113,3176,0,0.4052631578947368,1.0,0.5767790262172284,0.034356947400425664,0.9656430525995744,3366,77,190,0.4890213264963008,0.40232394982283626,0.5383472900150623,0.5046458921015422
ETTh1,nlinear,multivariate,24,42,first,frozen,0.02,3.0,percentile,1.7860218639999996,7,80,3209,70,0.08045977011494253,0.09090909090909091,0.08536585365853659,0.024323502584372148,0.9756764974156279,3366,77,87,0.4890213264963008,0.40232394982283626,0.5383472900150623,0.5046458921015422
ETTh1,nlinear,multivariate,24,42,first,frozen,0.02,3.0,mean_std,1.6956210557618947,11,93,3196,66,0.10576923076923077,0.14285714285714285,0.12154696132596683,0.028276071754332624,0.9717239282456673,3366,77,104,0.4890213264963008,0.40232394982283626,0.5383472900150623,0.5046458921015422
ETTh1,nlinear,multivariate,24,42,first,frozen,0.02,3.0,iqr,1.4185841175,23,156,3133,54,0.12849162011173185,0.2987012987012987,0.1796875,0.04743083003952569,0.9525691699604744,3366,77,179,0.4890213264963008,0.40232394982283626,0.5383472900150623,0.5046458921015422
ETTh1,nlinear,multivariate,24,42,first,frozen,0.02,3.0,mad,1.5722129060285002,18,113,3176,59,0.13740458015267176,0.23376623376623376,0.17307692307692307,0.034356947400425664,0.9656430525995744,3366,77,131,0.4890213264963008,0.40232394982283626,0.5383472900150623,0.5046458921015422
ETTh1,nlinear,multivariate,24,42,mean,spike,0.02,3.0,percentile,3.499530047999998,69,97,3223,0,0.41566265060240964,1.0,0.5872340425531914,0.029216867469879518,0.9707831325301205,3389,69,166,1.2495173643920974,0.7477121275140887,1.4217421085137405,0.9571319993802916
ETTh1,nlinear,multivariate,24,42,mean,spike,0.02,3.0,mean_std,3.4919718389135777,69,97,3223,0,0.41566265060240964,1.0,0.5872340425531914,0.029216867469879518,0.9707831325301205,3389,69,166,1.2495173643920974,0.7477121275140887,1.4217421085137405,0.9571319993802916
ETTh1,nlinear,multivariate,24,42,mean,spike,0.02,3.0,iqr,2.9606467,69,185,3135,0,0.27165354330708663,1.0,0.4272445820433437,0.05572289156626506,0.9442771084337349,3389,69,254,1.2495173643920974,0.7477121275140887,1.4217421085137405,0.9571319993802916
ETTh1,nlinear,multivariate,24,42,mean,spike,0.02,3.0,mad,3.1106199538,69,152,3168,0,0.31221719457013575,1.0,0.47586206896551725,0.04578313253012048,0.9542168674698795,3389,69,221,1.2495173643920974,0.7477121275140887,1.4217421085137405,0.9571319993802916
ETTh1,nlinear,multivariate,24,42,mean,level_shift,0.02,3.0,percentile,3.499530047999998,77,96,3216,0,0.44508670520231214,1.0,0.616,0.028985507246376812,0.9710144927536232,3389,77,173,1.2495173643920974,0.7477121275140887,1.4217421085137405,0.9571319993802916
ETTh1,nlinear,multivariate,24,42,mean,level_shift,0.02,3.0,mean_std,3.4919718389135777,77,96,3216,0,0.44508670520231214,1.0,0.616,0.028985507246376812,0.9710144927536232,3389,77,173,1.2495173643920974,0.7477121275140887,1.4217421085137405,0.9571319993802916
ETTh1,nlinear,multivariate,24,42,mean,level_shift,0.02,3.0,iqr,2.9606467,77,186,3126,0,0.29277566539923955,1.0,0.45294117647058824,0.05615942028985507,0.9438405797101449,3389,77,263,1.2495173643920974,0.7477121275140887,1.4217421085137405,0.9571319993802916
ETTh1,nlinear,multivariate,24,42,mean,level_shift,0.02,3.0,mad,3.1106199538,77,154,3158,0,0.3333333333333333,1.0,0.5,0.0464975845410628,0.9535024154589372,3389,77,231,1.2495173643920974,0.7477121275140887,1.4217421085137405,0.9571319993802916
ETTh1,nlinear,multivariate,24,42,mean,frozen,0.02,3.0,percentile,3.499530047999998,4,96,3216,73,0.04,0.05194805194805195,0.04519774011299435,0.028985507246376812,0.9710144927536232,3389,77,100,1.2495173643920974,0.7477121275140887,1.4217421085137405,0.9571319993802916
ETTh1,nlinear,multivariate,24,42,mean,frozen,0.02,3.0,mean_std,3.4919718389135777,4,96,3216,73,0.04,0.05194805194805195,0.04519774011299435,0.028985507246376812,0.9710144927536232,3389,77,100,1.2495173643920974,0.7477121275140887,1.4217421085137405,0.9571319993802916
ETTh1,nlinear,multivariate,24,42,mean,frozen,0.02,3.0,iqr,2.9606467,10,186,3126,67,0.05102040816326531,0.12987012987012986,0.07326007326007325,0.05615942028985507,0.9438405797101449,3389,77,196,1.2495173643920974,0.7477121275140887,1.4217421085137405,0.9571319993802916
ETTh1,nlinear,multivariate,24,42,mean,frozen,0.02,3.0,mad,3.1106199538,10,154,3158,67,0.06097560975609756,0.12987012987012986,0.08298755186721991,0.0464975845410628,0.9535024154589372,3389,77,164,1.2495173643920974,0.7477121275140887,1.4217421085137405,0.9571319993802916
ETTh1,nlinear,multivariate,24,42,max,spike,0.02,3.0,percentile,5.787593368,69,23,3297,0,0.75,1.0,0.8571428571428571,0.0069277108433734936,0.9930722891566265,3389,69,92,2.4755248743161093,1.0816449103889818,2.80887558852334,1.3474576368951423
ETTh1,nlinear,multivariate,24,42,max,spike,0.02,3.0,mean_std,5.719473153193604,69,24,3296,0,0.7419354838709677,1.0,0.8518518518518519,0.007228915662650603,0.9927710843373494,3389,69,93,2.4755248743161093,1.0816449103889818,2.80887558852334,1.3474576368951423
ETTh1,nlinear,multivariate,24,42,max,spike,0.02,3.0,iqr,4.97172555,69,41,3279,0,0.6272727272727273,1.0,0.770949720670391,0.012349397590361445,0.9876506024096385,3389,69,110,2.4755248743161093,1.0816449103889818,2.80887558852334,1.3474576368951423
ETTh1,nlinear,multivariate,24,42,max,spike,0.02,3.0,mad,5.3379420051899995,69,35,3285,0,0.6634615384615384,1.0,0.7976878612716763,0.010542168674698794,0.9894578313253012,3389,69,104,2.4755248743161093,1.0816449103889818,2.80887558852334,1.3474576368951423
ETTh1,nlinear,multivariate,24,42,max,level_shift,0.02,3.0,percentile,5.787593368,77,23,3289,0,0.77,1.0,0.8700564971751412,0.006944444444444444,0.9930555555555556,3389,77,100,2.4755248743161093,1.0816449103889818,2.80887558852334,1.3474576368951423
ETTh1,nlinear,multivariate,24,42,max,level_shift,0.02,3.0,mean_std,5.719473153193604,77,24,3288,0,0.7623762376237624,1.0,0.8651685393258427,0.007246376811594203,0.9927536231884058,3389,77,101,2.4755248743161093,1.0816449103889818,2.80887558852334,1.3474576368951423
ETTh1,nlinear,multivariate,24,42,max,level_shift,0.02,3.0,iqr,4.97172555,77,41,3271,0,0.652542372881356,1.0,0.7897435897435898,0.012379227053140096,0.9876207729468599,3389,77,118,2.4755248743161093,1.0816449103889818,2.80887558852334,1.3474576368951423
ETTh1,nlinear,multivariate,24,42,max,level_shift,0.02,3.0,mad,5.3379420051899995,77,35,3277,0,0.6875,1.0,0.8148148148148148,0.010567632850241546,0.9894323671497585,3389,77,112,2.4755248743161093,1.0816449103889818,2.80887558852334,1.3474576368951423
ETTh1,nlinear,multivariate,24,42,max,frozen,0.02,3.0,percentile,5.787593368,0,23,3289,77,0.0,0.0,0.0,0.006944444444444444,0.9930555555555556,3389,77,23,2.4755248743161093,1.0816449103889818,2.80887558852334,1.3474576368951423
ETTh1,nlinear,multivariate,24,42,max,frozen,0.02,3.0,mean_std,5.719473153193604,0,24,3288,77,0.0,0.0,0.0,0.007246376811594203,0.9927536231884058,3389,77,24,2.4755248743161093,1.0816449103889818,2.80887558852334,1.3474576368951423
ETTh1,nlinear,multivariate,24,42,max,frozen,0.02,3.0,iqr,4.97172555,0,41,3271,77,0.0,0.0,0.0,0.012379227053140096,0.9876207729468599,3389,77,41,2.4755248743161093,1.0816449103889818,2.80887558852334,1.3474576368951423
ETTh1,nlinear,multivariate,24,42,max,frozen,0.02,3.0,mad,5.3379420051899995,0,35,3277,77,0.0,0.0,0.0,0.010567632850241546,0.9894323671497585,3389,77,35,2.4755248743161093,1.0816449103889818,2.80887558852334,1.3474576368951423
ETTh1,nlinear,multivariate,96,42,first,spike,0.02,3.0,percentile,1.703343551,67,80,3147,0,0.4557823129251701,1.0,0.6261682242990654,0.02479082739386427,0.9752091726061357,3294,67,147,0.4543224808672903,0.389584172530995,0.5061928955883425,0.4782460540041706
ETTh1,nlinear,multivariate,96,42,first,spike,0.02,3.0,mean_std,1.6226979206903085,67,90,3137,0,0.4267515923566879,1.0,0.5982142857142857,0.027889680818097305,0.9721103191819027,3294,67,157,0.4543224808672903,0.389584172530995,0.5061928955883425,0.4782460540041706
ETTh1,nlinear,multivariate,96,42,first,spike,0.02,3.0,iqr,1.3658823575,67,152,3075,0,0.3059360730593607,1.0,0.4685314685314685,0.04710257204834211,0.9528974279516579,3294,67,219,0.4543224808672903,0.389584172530995,0.5061928955883425,0.4782460540041706
ETTh1,nlinear,multivariate,96,42,first,spike,0.02,3.0,mad,1.4683949059890002,67,116,3111,0,0.366120218579235,1.0,0.536,0.03594669972110319,0.9640533002788968,3294,67,183,0.4543224808672903,0.389584172530995,0.5061928955883425,0.4782460540041706
ETTh1,nlinear,multivariate,96,42,first,level_shift,0.02,3.0,percentile,1.703343551,77,78,3139,0,0.4967741935483871,1.0,0.6637931034482758,0.024246192104445136,0.9757538078955549,3294,77,155,0.4543224808672903,0.389584172530995,0.5061928955883425,0.4782460540041706
ETTh1,nlinear,multivariate,96,42,first,level_shift,0.02,3.0,mean_std,1.6226979206903085,77,87,3130,0,0.4695121951219512,1.0,0.6390041493775933,0.027043829654958034,0.972956170345042,3294,77,164,0.4543224808672903,0.389584172530995,0.5061928955883425,0.4782460540041706
ETTh1,nlinear,multivariate,96,42,first,level_shift,0.02,3.0,iqr,1.3658823575,77,148,3069,0,0.3422222222222222,1.0,0.509933774834437,0.04600559527510103,0.9539944047248989,3294,77,225,0.4543224808672903,0.389584172530995,0.5061928955883425,0.4782460540041706
ETTh1,nlinear,multivariate,96,42,first,level_shift,0.02,3.0,mad,1.4683949059890002,77,113,3104,0,0.4052631578947368,1.0,0.5767790262172284,0.03512589368977308,0.964874106310227,3294,77,190,0.4543224808672903,0.389584172530995,0.5061928955883425,0.4782460540041706
ETTh1,nlinear,multivariate,96,42,first,frozen,0.02,3.0,percentile,1.703343551,31,78,3139,46,0.28440366972477066,0.4025974025974026,0.3333333333333333,0.024246192104445136,0.9757538078955549,3294,77,109,0.4543224808672903,0.389584172530995,0.5061928955883425,0.4782460540041706
ETTh1,nlinear,multivariate,96,42,first,frozen,0.02,3.0,mean_std,1.6226979206903085,32,87,3130,45,0.2689075630252101,0.4155844155844156,0.32653061224489793,0.027043829654958034,0.972956170345042,3294,77,119,0.4543224808672903,0.389584172530995,0.5061928955883425,0.4782460540041706
ETTh1,nlinear,multivariate,96,42,first,frozen,0.02,3.0,iqr,1.3658823575,36,148,3069,41,0.1956521739130435,0.4675324675324675,0.27586206896551724,0.04600559527510103,0.9539944047248989,3294,77,184,0.4543224808672903,0.389584172530995,0.5061928955883425,0.4782460540041706
ETTh1,nlinear,multivariate,96,42,first,frozen,0.02,3.0,mad,1.4683949059890002,35,113,3104,42,0.23648648648648649,0.45454545454545453,0.3111111111111111,0.03512589368977308,0.964874106310227,3294,77,148,0.4543224808672903,0.389584172530995,0.5061928955883425,0.4782460540041706
ETTh1,nlinear,multivariate,96,42,mean,spike,0.02,3.0,percentile,5.992807184,67,56,3264,2,0.5447154471544715,0.9710144927536232,0.6979166666666665,0.016867469879518072,0.983132530120482,3389,69,123,1.7803000770516717,1.1955284722179031,2.1141254376762935,1.384649226660077
ETTh1,nlinear,multivariate,96,42,mean,spike,0.02,3.0,mean_std,5.365795180436031,68,93,3227,1,0.422360248447205,0.9855072463768116,0.591304347826087,0.028012048192771085,0.971987951807229,3389,69,161,1.7803000770516717,1.1955284722179031,2.1141254376762935,1.384649226660077
ETTh1,nlinear,multivariate,96,42,mean,spike,0.02,3.0,iqr,4.3813519,69,242,3078,0,0.22186495176848875,1.0,0.3631578947368421,0.07289156626506024,0.9271084337349398,3389,69,311,1.7803000770516717,1.1955284722179031,2.1141254376762935,1.384649226660077
ETTh1,nlinear,multivariate,96,42,mean,spike,0.02,3.0,mad,4.74709554068,68,172,3148,1,0.2833333333333333,0.9855072463768116,0.4401294498381877,0.051807228915662654,0.9481927710843373,3389,69,240,1.7803000770516717,1.1955284722179031,2.1141254376762935,1.384649226660077
ETTh1,nlinear,multivariate,96,42,mean,level_shift,0.02,3.0,percentile,5.992807184,77,57,3255,0,0.5746268656716418,1.0,0.7298578199052133,0.017210144927536232,0.9827898550724637,3389,77,134,1.7803000770516717,1.1955284722179031,2.1141254376762935,1.384649226660077
ETTh1,nlinear,multivariate,96,42,mean,level_shift,0.02,3.0,mean_std,5.365795180436031,77,95,3217,0,0.4476744186046512,1.0,0.6184738955823293,0.028683574879227052,0.971316425120773,3389,77,172,1.7803000770516717,1.1955284722179031,2.1141254376762935,1.384649226660077
ETTh1,nlinear,multivariate,96,42,mean,level_shift,0.02,3.0,iqr,4.3813519,77,240,3072,0,0.24290220820189273,1.0,0.3908629441624365,0.07246376811594203,0.927536231884058,3389,77,317,1.7803000770516717,1.1955284722179031,2.1141254376762935,1.384649226660077
ETTh1,nlinear,multivariate,96,42,mean,level_shift,0.02,3.0,mad,4.74709554068,77,174,3138,0,0.30677290836653387,1.0,0.46951219512195125,0.05253623188405797,0.947463768115942,3389,77,251,1.7803000770516717,1.1955284722179031,2.1141254376762935,1.384649226660077
ETTh1,nlinear,multivariate,96,42,mean,frozen,0.02,3.0,percentile,5.992807184,6,57,3255,71,0.09523809523809523,0.07792207792207792,0.08571428571428572,0.017210144927536232,0.9827898550724637,3389,77,63,1.7803000770516717,1.1955284722179031,2.1141254376762935,1.384649226660077
ETTh1,nlinear,multivariate,96,42,mean,frozen,0.02,3.0,mean_std,5.365795180436031,9,95,3217,68,0.08653846153846154,0.11688311688311688,0.09944751381215468,0.028683574879227052,0.971316425120773,3389,77,104,1.7803000770516717,1.1955284722179031,2.1141254376762935,1.384649226660077
ETTh1,nlinear,multivariate,96,42,mean,frozen,0.02,3.0,iqr,4.3813519,12,240,3072,65,0.047619047619047616,0.15584415584415584,0.0729483282674772,0.07246376811594203,0.927536231884058,3389,77,252,1.7803000770516717,1.1955284722179031,2.1141254376762935,1.384649226660077
ETTh1,nlinear,multivariate,96,42,mean,frozen,0.02,3.0,mad,4.74709554068,11,174,3138,66,0.05945945945945946,0.14285714285714285,0.08396946564885498,0.05253623188405797,0.947463768115942,3389,77,185,1.7803000770516717,1.1955284722179031,2.1141254376762935,1.384649226660077
ETTh1,nlinear,multivariate,96,42,max,spike,0.02,3.0,percentile,8.551311279999998,52,8,3312,17,0.8666666666666667,0.7536231884057971,0.8062015503875969,0.0024096385542168677,0.9975903614457832,3389,69,60,3.4085993047963528,1.5353941015088213,4.042041543992269,1.8584714850108506
ETTh1,nlinear,multivariate,96,42,max,spike,0.02,3.0,mean_std,8.01338134107203,56,11,3309,13,0.835820895522388,0.8115942028985508,0.823529411764706,0.0033132530120481927,0.9966867469879518,3389,69,67,3.4085993047963528,1.5353941015088213,4.042041543992269,1.8584714850108506
ETTh1,nlinear,multivariate,96,42,max,spike,0.02,3.0,iqr,6.9715226999999995,63,20,3300,6,0.7590361445783133,0.9130434782608695,0.8289473684210527,0.006024096385542169,0.9939759036144579,3389,69,83,3.4085993047963528,1.5353941015088213,4.042041543992269,1.8584714850108506
ETTh1,nlinear,multivariate,96,42,max,spike,0.02,3.0,mad,7.8940224156599985,57,11,3309,12,0.8382352941176471,0.8260869565217391,0.832116788321168,0.0033132530120481927,0.9966867469879518,3389,69,68,3.4085993047963528,1.5353941015088213,4.042041543992269,1.8584714850108506
ETTh1,nlinear,multivariate,96,42,max,level_shift,0.02,3.0,percentile,8.551311279999998,66,8,3304,11,0.8918918918918919,0.8571428571428571,0.8741721854304636,0.0024154589371980675,0.9975845410628019,3389,77,74,3.4085993047963528,1.5353941015088213,4.042041543992269,1.8584714850108506
ETTh1,nlinear,multivariate,96,42,max,level_shift,0.02,3.0,mean_std,8.01338134107203,72,11,3301,5,0.8674698795180723,0.935064935064935,0.9,0.003321256038647343,0.9966787439613527,3389,77,83,3.4085993047963528,1.5353941015088213,4.042041543992269,1.8584714850108506
ETTh1,nlinear,multivariate,96,42,max,level_shift,0.02,3.0,iqr,6.9715226999999995,77,21,3291,0,0.7857142857142857,1.0,0.88,0.006340579710144928,0.9936594202898551,3389,77,98,3.4085993047963528,1.5353941015088213,4.042041543992269,1.8584714850108506
ETTh1,nlinear,multivariate,96,42,max,level_shift,0.02,3.0,mad,7.8940224156599985,72,11,3301,5,0.8674698795180723,0.935064935064935,0.9,0.003321256038647343,0.9966787439613527,3389,77,83,3.4085993047963528,1.5353941015088213,4.042041543992269,1.8584714850108506
ETTh1,nlinear,multivariate,96,42,max,frozen,0.02,3.0,percentile,8.551311279999998,0,8,3304,77,0.0,0.0,0.0,0.0024154589371980675,0.9975845410628019,3389,77,8,3.4085993047963528,1.5353941015088213,4.042041543992269,1.8584714850108506
ETTh1,nlinear,multivariate,96,42,max,frozen,0.02,3.0,mean_std,8.01338134107203,0,11,3301,77,0.0,0.0,0.0,0.003321256038647343,0.9966787439613527,3389,77,11,3.4085993047963528,1.5353941015088213,4.042041543992269,1.8584714850108506
ETTh1,nlinear,multivariate,96,42,max,frozen,0.02,3.0,iqr,6.9715226999999995,0,21,3291,77,0.0,0.0,0.0,0.006340579710144928,0.9936594202898551,3389,77,21,3.4085993047963528,1.5353941015088213,4.042041543992269,1.8584714850108506
ETTh1,nlinear,multivariate,96,42,max,frozen,0.02,3.0,mad,7.8940224156599985,0,11,3301,77,0.0,0.0,0.0,0.003321256038647343,0.9966787439613527,3389,77,11,3.4085993047963528,1.5353941015088213,4.042041543992269,1.8584714850108506
ETTh2,nlinear,multivariate,24,42,first,spike,0.02,3.0,percentile,2.4745504259999995,67,64,3235,0,0.5114503816793893,1.0,0.6767676767676767,0.019399818126705062,0.9806001818732949,3366,67,131,0.727943422931381,0.5631599869130235,0.7621835943850267,0.6316667617211701
ETTh2,nlinear,multivariate,24,42,first,spike,0.02,3.0,mean_std,2.416902501906649,67,76,3223,0,0.46853146853146854,1.0,0.6380952380952382,0.023037284025462262,0.9769627159745378,3366,67,143,0.727943422931381,0.5631599869130235,0.7621835943850267,0.6316667617211701
ETTh2,nlinear,multivariate,24,42,first,spike,0.02,3.0,iqr,2.14776143,67,138,3161,0,0.32682926829268294,1.0,0.4926470588235294,0.041830857835707794,0.9581691421642922,3366,67,205,0.727943422931381,0.5631599869130235,0.7621835943850267,0.6316667617211701
ETTh2,nlinear,multivariate,24,42,first,spike,0.02,3.0,mad,2.4964195943355,67,62,3237,0,0.5193798449612403,1.0,0.6836734693877551,0.018793573810245528,0.9812064261897545,3366,67,129,0.727943422931381,0.5631599869130235,0.7621835943850267,0.6316667617211701
ETTh2,nlinear,multivariate,24,42,first,level_shift,0.02,3.0,percentile,2.4745504259999995,77,66,3223,0,0.5384615384615384,1.0,0.7000000000000001,0.020066889632107024,0.979933110367893,3366,77,143,0.727943422931381,0.5631599869130235,0.7621835943850267,0.6316667617211701
ETTh2,nlinear,multivariate,24,42,first,level_shift,0.02,3.0,mean_std,2.416902501906649,77,78,3211,0,0.4967741935483871,1.0,0.6637931034482758,0.023715415019762844,0.9762845849802372,3366,77,155,0.727943422931381,0.5631599869130235,0.7621835943850267,0.6316667617211701
ETTh2,nlinear,multivariate,24,42,first,level_shift,0.02,3.0,iqr,2.14776143,77,139,3150,0,0.35648148148148145,1.0,0.5255972696245734,0.04226208574034661,0.9577379142596534,3366,77,216,0.727943422931381,0.5631599869130235,0.7621835943850267,0.6316667617211701
ETTh2,nlinear,multivariate,24,42,first,level_shift,0.02,3.0,mad,2.4964195943355,77,64,3225,0,0.5460992907801419,1.0,0.7064220183486238,0.01945880206749772,0.9805411979325023,3366,77,141,0.727943422931381,0.5631599869130235,0.7621835943850267,0.6316667617211701
ETTh2,nlinear,multivariate,24,42,first,frozen,0.02,3.0,percentile,2.4745504259999995,39,66,3223,38,0.37142857142857144,0.5064935064935064,0.42857142857142855,0.020066889632107024,0.979933110367893,3366,77,105,0.727943422931381,0.5631599869130235,0.7621835943850267,0.6316667617211701
ETTh2,nlinear,multivariate,24,42,first,frozen,0.02,3.0,mean_std,2.416902501906649,39,78,3211,38,0.3333333333333333,0.5064935064935064,0.40206185567010305,0.023715415019762844,0.9762845849802372,3366,77,117,0.727943422931381,0.5631599869130235,0.7621835943850267,0.6316667617211701
ETTh2,nlinear,multivariate,24,42,first,frozen,0.02,3.0,iqr,2.14776143,41,139,3150,36,0.22777777777777777,0.5324675324675324,0.31906614785992216,0.04226208574034661,0.9577379142596534,3366,77,180,0.727943422931381,0.5631599869130235,0.7621835943850267,0.6316667617211701
ETTh2,nlinear,multivariate,24,42,first,frozen,0.02,3.0,mad,2.4964195943355,39,64,3225,38,0.3786407766990291,0.5064935064935064,0.43333333333333335,0.01945880206749772,0.9805411979325023,3366,77,103,0.727943422931381,0.5631599869130235,0.7621835943850267,0.6316667617211701
ETTh2,nlinear,multivariate,24,42,mean,spike,0.02,3.0,percentile,7.303702611999998,69,190,3130,0,0.26640926640926643,1.0,0.42073170731707316,0.0572289156626506,0.9427710843373494,3389,69,259,2.370368598231003,1.5253688609263827,2.9128156648061925,2.2630612042517857
ETTh2,nlinear,multivariate,24,42,mean,spike,0.02,3.0,mean_std,6.945084055705843,69,216,3104,0,0.24210526315789474,1.0,0.38983050847457623,0.06506024096385542,0.9349397590361446,3389,69,285,2.370368598231003,1.5253688609263827,2.9128156648061925,2.2630612042517857
ETTh2,nlinear,multivariate,24,42,mean,spike,0.02,3.0,iqr,6.1127008,69,314,3006,0,0.1801566579634465,1.0,0.3053097345132743,0.09457831325301205,0.905421686746988,3389,69,383,2.370368598231003,1.5253688609263827,2.9128156648061925,2.2630612042517857
ETTh2,nlinear,multivariate,24,42,mean,spike,0.02,3.0,mad,6.46164244967,69,270,3050,0,0.20353982300884957,1.0,0.3382352941176471,0.08132530120481928,0.9186746987951807,3389,69,339,2.370368598231003,1.5253688609263827,2.9128156648061925,2.2630612042517857
ETTh2,nlinear,multivariate,24,42,mean,level_shift,0.02,3.0,percentile,7.303702611999998,77,192,3120,0,0.2862453531598513,1.0,0.44508670520231214,0.057971014492753624,0.9420289855072463,3389,77,269,2.370368598231003,1.5253688609263827,2.9128156648061925,2.2630612042517857
ETTh2,nlinear,multivariate,24,42,mean,level_shift,0.02,3.0,mean_std,6.945084055705843,77,217,3095,0,0.2619047619047619,1.0,0.41509433962264153,0.06551932367149758,0.9344806763285024,3389,77,294,2.370368598231003,1.5253688609263827,2.9128156648061925,2.2630612042517857
ETTh2,nlinear,multivariate,24,42,mean,level_shift,0.02,3.0,iqr,6.1127008,77,315,2997,0,0.19642857142857142,1.0,0.3283582089552239,0.09510869565217392,0.904891304347826,3389,77,392,2.370368598231003,1.5253688609263827,2.9128156648061925,2.2630612042517857
ETTh2,nlinear,multivariate,24,42,mean,level_shift,0.02,3.0,mad,6.46164244967,77,270,3042,0,0.2219020172910663,1.0,0.3632075471698113,0.08152173913043478,0.9184782608695652,3389,77,347,2.370368598231003,1.5253688609263827,2.9128156648061925,2.2630612042517857
ETTh2,nlinear,multivariate,24,42,mean,frozen,0.02,3.0,percentile,7.303702611999998,27,192,3120,50,0.1232876712328767,0.35064935064935066,0.18243243243243243,0.057971014492753624,0.9420289855072463,3389,77,219,2.370368598231003,1.5253688609263827,2.9128156648061925,2.2630612042517857
ETTh2,nlinear,multivariate,24,42,mean,frozen,0.02,3.0,mean_std,6.945084055705843,28,217,3095,49,0.11428571428571428,0.36363636363636365,0.17391304347826086,0.06551932367149758,0.9344806763285024,3389,77,245,2.370368598231003,1.5253688609263827,2.9128156648061925,2.2630612042517857
ETTh2,nlinear,multivariate,24,42,mean,frozen,0.02,3.0,iqr,6.1127008,33,315,2997,44,0.09482758620689655,0.42857142857142855,0.15529411764705883,0.09510869565217392,0.904891304347826,3389,77,348,2.370368598231003,1.5253688609263827,2.9128156648061925,2.2630612042517857
ETTh2,nlinear,multivariate,24,42,mean,frozen,0.02,3.0,mad,6.46164244967,31,270,3042,46,0.10299003322259136,0.4025974025974026,0.164021164021164,0.08152173913043478,0.9184782608695652,3389,77,301,2.370368598231003,1.5253688609263827,2.9128156648061925,2.2630612042517857
ETTh2,nlinear,multivariate,24,42,max,spike,0.02,3.0,percentile,11.002579899999997,69,32,3288,0,0.6831683168316832,1.0,0.8117647058823529,0.00963855421686747,0.9903614457831326,3389,69,101,4.530554544346504,2.068310435665043,5.1637388338197105,2.9163197990993885
ETTh2,nlinear,multivariate,24,42,max,spike,0.02,3.0,mean_std,10.733599567270993,69,33,3287,0,0.6764705882352942,1.0,0.8070175438596492,0.009939759036144578,0.9900602409638555,3389,69,102,4.530554544346504,2.068310435665043,5.1637388338197105,2.9163197990993885
ETTh2,nlinear,multivariate,24,42,max,spike,0.02,3.0,iqr,9.85923665,69,47,3273,0,0.5948275862068966,1.0,0.745945945945946,0.014156626506024096,0.9858433734939759,3389,69,116,4.530554544346504,2.068310435665043,5.1637388338197105,2.9163197990993885
ETTh2,nlinear,multivariate,24,42,max,spike,0.02,3.0,mad,10.94486725578,69,33,3287,0,0.6764705882352942,1.0,0.8070175438596492,0.009939759036144578,0.9900602409638555,3389,69,102,4.530554544346504,2.068310435665043,5.1637388338197105,2.9163197990993885
ETTh2,nlinear,multivariate,24,42,max,level_shift,0.02,3.0,percentile,11.002579899999997,77,34,3278,0,0.6936936936936937,1.0,0.8191489361702128,0.010265700483091788,0.9897342995169082,3389,77,111,4.530554544346504,2.068310435665043,5.1637388338197105,2.9163197990993885
ETTh2,nlinear,multivariate,24,42,max,level_shift,0.02,3.0,mean_std,10.733599567270993,77,35,3277,0,0.6875,1.0,0.8148148148148148,0.010567632850241546,0.9894323671497585,3389,77,112,4.530554544346504,2.068310435665043,5.1637388338197105,2.9163197990993885
ETTh2,nlinear,multivariate,24,42,max,level_shift,0.02,3.0,iqr,9.85923665,77,50,3262,0,0.6062992125984252,1.0,0.7549019607843137,0.015096618357487922,0.9849033816425121,3389,77,127,4.530554544346504,2.068310435665043,5.1637388338197105,2.9163197990993885
ETTh2,nlinear,multivariate,24,42,max,level_shift,0.02,3.0,mad,10.94486725578,77,35,3277,0,0.6875,1.0,0.8148148148148148,0.010567632850241546,0.9894323671497585,3389,77,112,4.530554544346504,2.068310435665043,5.1637388338197105,2.9163197990993885
ETTh2,nlinear,multivariate,24,42,max,frozen,0.02,3.0,percentile,11.002579899999997,5,34,3278,72,0.1282051282051282,0.06493506493506493,0.08620689655172413,0.010265700483091788,0.9897342995169082,3389,77,39,4.530554544346504,2.068310435665043,5.1637388338197105,2.9163197990993885
ETTh2,nlinear,multivariate,24,42,max,frozen,0.02,3.0,mean_std,10.733599567270993,9,35,3277,68,0.20454545454545456,0.11688311688311688,0.1487603305785124,0.010567632850241546,0.9894323671497585,3389,77,44,4.530554544346504,2.068310435665043,5.1637388338197105,2.9163197990993885
ETTh2,nlinear,multivariate,24,42,max,frozen,0.02,3.0,iqr,9.85923665,15,50,3262,62,0.23076923076923078,0.19480519480519481,0.2112676056338028,0.015096618357487922,0.9849033816425121,3389,77,65,4.530554544346504,2.068310435665043,5.1637388338197105,2.9163197990993885
ETTh2,nlinear,multivariate,24,42,max,frozen,0.02,3.0,mad,10.94486725578,6,35,3277,71,0.14634146341463414,0.07792207792207792,0.10169491525423728,0.010567632850241546,0.9894323671497585,3389,77,41,4.530554544346504,2.068310435665043,5.1637388338197105,2.9163197990993885
ETTh2,dlinear,multivariate,96,42,first,spike,0.02,3.0,percentile,2.800671927,67,99,3128,0,0.4036144578313253,1.0,0.575107296137339,0.030678648899907034,0.969321351100093,3294,67,166,0.8418051997150451,0.6656171789194244,0.8613354140558592,0.795302729409252
ETTh2,dlinear,multivariate,96,42,first,spike,0.02,3.0,mean_std,2.838012486888311,67,98,3129,0,0.40606060606060607,1.0,0.5775862068965517,0.03036876355748373,0.9696312364425163,3294,67,165,0.8418051997150451,0.6656171789194244,0.8613354140558592,0.795302729409252
ETTh2,dlinear,multivariate,96,42,first,spike,0.02,3.0,iqr,2.5953582699999997,67,127,3100,0,0.34536082474226804,1.0,0.5134099616858238,0.03935543848775953,0.9606445615122404,3294,67,194,0.8418051997150451,0.6656171789194244,0.8613354140558592,0.795302729409252
ETTh2,dlinear,multivariate,96,42,first,spike,0.02,3.0,mad,2.9261112234790003,67,88,3139,0,0.432258064516129,1.0,0.6036036036036037,0.027269910133250697,0.9727300898667492,3294,67,155,0.8418051997150451,0.6656171789194244,0.8613354140558592,0.795302729409252
ETTh2,dlinear,multivariate,96,42,first,level_shift,0.02,3.0,percentile,2.800671927,77,104,3113,0,0.425414364640884,1.0,0.5968992248062015,0.03232825613926018,0.9676717438607398,3294,77,181,0.8418051997150451,0.6656171789194244,0.8613354140558592,0.795302729409252
ETTh2,dlinear,multivariate,96,42,first,level_shift,0.02,3.0,mean_std,2.838012486888311,77,103,3114,0,0.42777777777777776,1.0,0.5992217898832685,0.032017407522536526,0.9679825924774634,3294,77,180,0.8418051997150451,0.6656171789194244,0.8613354140558592,0.795302729409252
ETTh2,dlinear,multivariate,96,42,first,level_shift,0.02,3.0,iqr,2.5953582699999997,77,130,3087,0,0.3719806763285024,1.0,0.5422535211267606,0.040410320174075226,0.9595896798259248,3294,77,207,0.8418051997150451,0.6656171789194244,0.8613354140558592,0.795302729409252
ETTh2,dlinear,multivariate,96,42,first,level_shift,0.02,3.0,mad,2.9261112234790003,77,92,3125,0,0.4556213017751479,1.0,0.6260162601626017,0.028598072738576313,0.9714019272614237,3294,77,169,0.8418051997150451,0.6656171789194244,0.8613354140558592,0.795302729409252
ETTh2,dlinear,multivariate,96,42,first,frozen,0.02,3.0,percentile,2.800671927,35,104,3113,42,0.2517985611510791,0.45454545454545453,0.324074074074074,0.03232825613926018,0.9676717438607398,3294,77,139,0.8418051997150451,0.6656171789194244,0.8613354140558592,0.795302729409252
ETTh2,dlinear,multivariate,96,42,first,frozen,0.02,3.0,mean_std,2.838012486888311,35,103,3114,42,0.2536231884057971,0.45454545454545453,0.32558139534883723,0.032017407522536526,0.9679825924774634,3294,77,138,0.8418051997150451,0.6656171789194244,0.8613354140558592,0.795302729409252
ETTh2,dlinear,multivariate,96,42,first,frozen,0.02,3.0,iqr,2.5953582699999997,38,130,3087,39,0.2261904761904762,0.4935064935064935,0.31020408163265306,0.040410320174075226,0.9595896798259248,3294,77,168,0.8418051997150451,0.6656171789194244,0.8613354140558592,0.795302729409252
ETTh2,dlinear,multivariate,96,42,first,frozen,0.02,3.0,mad,2.9261112234790003,34,92,3125,43,0.2698412698412698,0.44155844155844154,0.33497536945812806,0.028598072738576313,0.9714019272614237,3294,77,126,0.8418051997150451,0.6656171789194244,0.8613354140558592,0.795302729409252
ETTh2,dlinear,multivariate,96,42,mean,spike,0.02,3.0,percentile,10.3083672,69,173,3147,0,0.28512396694214875,1.0,0.44372990353697744,0.05210843373493976,0.9478915662650602,3389,69,242,3.2987887056960483,1.9107022535842584,4.492458267334493,3.0299836433489578
ETTh2,dlinear,multivariate,96,42,mean,spike,0.02,3.0,mean_std,9.029152919893662,69,273,3047,0,0.20175438596491227,1.0,0.3357664233576642,0.0822289156626506,0.9177710843373494,3389,69,342,3.2987887056960483,1.9107022535842584,4.492458267334493,3.0299836433489578
ETTh2,dlinear,multivariate,96,42,mean,spike,0.02,3.0,iqr,7.66269355,69,492,2828,0,0.12299465240641712,1.0,0.21904761904761905,0.14819277108433734,0.8518072289156626,3389,69,561,3.2987887056960483,1.9107022535842584,4.492458267334493,3.0299836433489578
ETTh2,dlinear,multivariate,96,42,mean,spike,0.02,3.0,mad,8.430836921360001,69,356,2964,0,0.1623529411764706,1.0,0.2793522267206478,0.10722891566265061,0.8927710843373494,3389,69,425,3.2987887056960483,1.9107022535842584,4.492458267334493,3.0299836433489578
ETTh2,dlinear,multivariate,96,42,mean,level_shift,0.02,3.0,percentile,10.3083672,77,176,3136,0,0.30434782608695654,1.0,0.4666666666666667,0.05314009661835749,0.9468599033816425,3389,77,253,3.2987887056960483,1.9107022535842584,4.492458267334493,3.0299836433489578
ETTh2,dlinear,multivariate,96,42,mean,level_shift,0.02,3.0,mean_std,9.029152919893662,77,278,3034,0,0.21690140845070421,1.0,0.35648148148148145,0.08393719806763285,0.9160628019323671,3389,77,355,3.2987887056960483,1.9107022535842584,4.492458267334493,3.0299836433489578
ETTh2,dlinear,multivariate,96,42,mean,level_shift,0.02,3.0,iqr,7.66269355,77,498,2814,0,0.13391304347826086,1.0,0.23619631901840488,0.1503623188405797,0.8496376811594203,3389,77,575,3.2987887056960483,1.9107022535842584,4.492458267334493,3.0299836433489578
ETTh2,dlinear,multivariate,96,42,mean,level_shift,0.02,3.0,mad,8.430836921360001,77,363,2949,0,0.175,1.0,0.2978723404255319,0.10960144927536232,0.8903985507246377,3389,77,440,3.2987887056960483,1.9107022535842584,4.492458267334493,3.0299836433489578
ETTh2,dlinear,multivariate,96,42,mean,frozen,0.02,3.0,percentile,10.3083672,26,176,3136,51,0.12871287128712872,0.33766233766233766,0.1863799283154122,0.05314009661835749,0.9468599033816425,3389,77,202,3.2987887056960483,1.9107022535842584,4.492458267334493,3.0299836433489578
ETTh2,dlinear,multivariate,96,42,mean,frozen,0.02,3.0,mean_std,9.029152919893662,34,278,3034,43,0.10897435897435898,0.44155844155844154,0.17480719794344474,0.08393719806763285,0.9160628019323671,3389,77,312,3.2987887056960483,1.9107022535842584,4.492458267334493,3.0299836433489578
ETTh2,dlinear,multivariate,96,42,mean,frozen,0.02,3.0,iqr,7.66269355,38,498,2814,39,0.0708955223880597,0.4935064935064935,0.12398042414355627,0.1503623188405797,0.8496376811594203,3389,77,536,3.2987887056960483,1.9107022535842584,4.492458267334493,3.0299836433489578
ETTh2,dlinear,multivariate,96,42,mean,frozen,0.02,3.0,mad,8.430836921360001,35,363,2949,42,0.08793969849246232,0.45454545454545453,0.14736842105263157,0.10960144927536232,0.8903985507246377,3389,77,398,3.2987887056960483,1.9107022535842584,4.492458267334493,3.0299836433489578
ETTh2,dlinear,multivariate,96,42,max,spike,0.02,3.0,percentile,15.249635319999987,69,23,3297,0,0.75,1.0,0.8571428571428571,0.0069277108433734936,0.9930722891566265,3389,69,92,6.878576100060791,2.6144511665644012,8.557084869189142,4.086095217529337
ETTh2,dlinear,multivariate,96,42,max,spike,0.02,3.0,mean_std,14.719545239309873,69,28,3292,0,0.711340206185567,1.0,0.8313253012048193,0.008433734939759036,0.9915662650602409,3389,69,97,6.878576100060791,2.6144511665644012,8.557084869189142,4.086095217529337
ETTh2,dlinear,multivariate,96,42,max,spike,0.02,3.0,iqr,13.0226186,69,53,3267,0,0.5655737704918032,1.0,0.7225130890052355,0.015963855421686747,0.9840361445783132,3389,69,122,6.878576100060791,2.6144511665644012,8.557084869189142,4.086095217529337
ETTh2,dlinear,multivariate,96,42,max,spike,0.02,3.0,mad,14.6448108929,69,30,3290,0,0.696969696969697,1.0,0.8214285714285715,0.009036144578313253,0.9909638554216867,3389,69,99,6.878576100060791,2.6144511665644012,8.557084869189142,4.086095217529337
ETTh2,dlinear,multivariate,96,42,max,level_shift,0.02,3.0,percentile,15.249635319999987,77,23,3289,0,0.77,1.0,0.8700564971751412,0.006944444444444444,0.9930555555555556,3389,77,100,6.878576100060791,2.6144511665644012,8.557084869189142,4.086095217529337
ETTh2,dlinear,multivariate,96,42,max,level_shift,0.02,3.0,mean_std,14.719545239309873,77,29,3283,0,0.7264150943396226,1.0,0.8415300546448087,0.008756038647342996,0.991243961352657,3389,77,106,6.878576100060791,2.6144511665644012,8.557084869189142,4.086095217529337
ETTh2,dlinear,multivariate,96,42,max,level_shift,0.02,3.0,iqr,13.0226186,77,55,3257,0,0.5833333333333334,1.0,0.7368421052631579,0.016606280193236716,0.9833937198067633,3389,77,132,6.878576100060791,2.6144511665644012,8.557084869189142,4.086095217529337
ETTh2,dlinear,multivariate,96,42,max,level_shift,0.02,3.0,mad,14.6448108929,77,31,3281,0,0.7129629629629629,1.0,0.8324324324324325,0.009359903381642512,0.9906400966183575,3389,77,108,6.878576100060791,2.6144511665644012,8.557084869189142,4.086095217529337
ETTh2,dlinear,multivariate,96,42,max,frozen,0.02,3.0,percentile,15.249635319999987,3,23,3289,74,0.11538461538461539,0.03896103896103896,0.05825242718446603,0.006944444444444444,0.9930555555555556,3389,77,26,6.878576100060791,2.6144511665644012,8.557084869189142,4.086095217529337
ETTh2,dlinear,multivariate,96,42,max,frozen,0.02,3.0,mean_std,14.719545239309873,5,29,3283,72,0.14705882352941177,0.06493506493506493,0.09009009009009009,0.008756038647342996,0.991243961352657,3389,77,34,6.878576100060791,2.6144511665644012,8.557084869189142,4.086095217529337
ETTh2,dlinear,multivariate,96,42,max,frozen,0.02,3.0,iqr,13.0226186,12,55,3257,65,0.1791044776119403,0.15584415584415584,0.16666666666666666,0.016606280193236716,0.9833937198067633,3389,77,67,6.878576100060791,2.6144511665644012,8.557084869189142,4.086095217529337
ETTh2,dlinear,multivariate,96,42,max,frozen,0.02,3.0,mad,14.6448108929,5,31,3281,72,0.1388888888888889,0.06493506493506493,0.08849557522123894,0.009359903381642512,0.9906400966183575,3389,77,36,6.878576100060791,2.6144511665644012,8.557084869189142,4.086095217529337
